Planet Name,Star Name,Orbital Period [days]
11 Com b,11 Com,323.21
11 UMi b,11 UMi,516.21997
14 And b,14 And,186.76
14 Her b,14 Her,1765.0389
16 Cyg B b,16 Cyg,798.5
17 Sco b,17 Sco,578.38
18 Del b,18 Del,982.85
1RXS J160929.1-210524 b,1RXS J160929.1-210524,
24 Boo b,24 Boo,30.33
24 Sex b,24 Sex,452.8
24 Sex c,24 Sex,883
2M0437 b,2MASS J04372171+2651014,
2MASS J01033563-5515561 AB b,2MASS J01033563-5515561,
2MASS J01225093-2439505 b,2MASS J01225093-2439505,
2MASS J02192210-3925225 b,2MASS J02192210-3925225,
2MASS J0249-0557 c,2MASS J0249-0557,
2MASS J03590986+2009361 b,2MASS J03590986+2009361,
2MASS J04414489+2301513 b,2MASS J04414489+2301513,
2MASS J11011926-7732383 b,2MASS J11011926-7732383,
2MASS J11550485-7919108 b,2MASS J11550485-7919108,
2MASS J12073346-3932539 b,2MASS J12073346-3932539,
2MASS J19383260+4603591 b,2MASS J19383260+4603591,406
2MASS J21252752-8138278 b,2MASS J21252752-8138278,
2MASS J22362452+4751425 b,2MASS J22362452+4751425,
30 Ari B b,30 Ari,335.10001
4 UMa b,4 UMa,270.27
42 Dra b,42 Dra,479.1
47 UMa b,47 UMa,1078
47 UMa c,47 UMa,2391
47 UMa d,47 UMa,14002
51 Eri b,51 Eri,11688
51 Peg b,51 Peg,4.230785
55 Cnc b,55 Cnc,14.6516
55 Cnc c,55 Cnc,44.3989
55 Cnc d,55 Cnc,5574.2
55 Cnc e,55 Cnc,0.7365474
55 Cnc f,55 Cnc,259.88
6 Lyn b,6 Lyn,919.86
61 Vir b,61 Vir,4.215
61 Vir c,61 Vir,38.021
61 Vir d,61 Vir,123.01
7 CMa b,7 CMa,735.1
7 CMa c,7 CMa,996
70 Vir b,70 Vir,116.688
75 Cet b,75 Cet,696.62
75 Cet c,75 Cet,2051.62
8 UMi b,8 UMi,93.4
81 Cet b,81 Cet,1005.57
91 Aqr b,91 Aqr,181.4
AB Aur b,AB Aur,
AB Pic b,AB Pic,
AF Lep b,AF Lep,8030
AU Mic b,AU Mic,8.46308
AU Mic c,AU Mic,18.85969
AU Mic d,AU Mic,12.73596
BD+03 2562 b,BD+03 2562,481.9
BD+14 4559 b,BD+14 4559,268.94
BD+15 2375 b,BD+15 2375,153.22
BD+15 2940 b,BD+15 2940,137.48
BD+20 2457 b,BD+20 2457,379.63
BD+20 2457 c,BD+20 2457,621.99
BD+20 274 b,BD+20 274,578.2
BD+20 594 b,BD+20 594,41.6855
BD+45 564 b,BD+45 564,307.88
BD+48 738 b,BD+48 738,392.6
BD+48 740 b,BD+48 740,733
BD+49 828 b,BD+49 828,2590
BD+55 362 b,BD+55 362,265.59
BD+60 1417 b,BD+60 1417,
BD+63 1405 b,BD+63 1405,1198.48
BD-06 1339 b,BD-06 1339,3.8728
BD-06 1339 c,BD-06 1339,125.94
BD-08 2823 b,BD-08 2823,5.6
BD-08 2823 c,BD-08 2823,237.6
BD-10 3166 b,BD-10 3166,3.48777
BD-11 4672 b,BD-11 4672,1634
BD-11 4672 c,BD-11 4672,74.2
BD-13 2130 b,BD-13 2130,714.29999
BD-14 3065 b,BD-14 3065,4.2889731
BD-17 63 b,BD-17 63,655.57
BD-210397 b,BD-210397,1891
BD-210397 c,BD-210397,6240
Barnard b,Barnard's star,3.1533
CD Cet b,CD Cet,2.2907
CFBDSIR J145829+101343 b,CFBDSIR J145829+101343,10037.5
CFHTWIR-Oph 98 b,CFHTWIR-Oph 98,8040000
CHXR 73 b,CHXR 73,
CI Tau c,CI Tau,25.2
COCONUTS-2 b,COCONUTS-2,402000000
CT Cha b,CT Cha,
CoRoT-1 b,CoRoT-1,1.5089557
CoRoT-10 b,CoRoT-10,13.2406
CoRoT-11 b,CoRoT-11,2.99433
CoRoT-12 b,CoRoT-12,2.828042
CoRoT-13 b,CoRoT-13,4.03519
CoRoT-14 b,CoRoT-14,1.51214
CoRoT-16 b,CoRoT-16,5.35227
CoRoT-17 b,CoRoT-17,3.7681
CoRoT-18 b,CoRoT-18,1.9000693
CoRoT-19 b,CoRoT-19,3.89713
CoRoT-2 b,CoRoT-2,1.7429935
CoRoT-20 b,CoRoT-20,9.24285
CoRoT-20 c,CoRoT-20,1675
CoRoT-21 b,CoRoT-21,2.72474
CoRoT-22 b,CoRoT-22,9.75598
CoRoT-23 b,CoRoT-23,3.6313
CoRoT-24 b,CoRoT-24,5.1134
CoRoT-24 c,CoRoT-24,11.759
CoRoT-25 b,CoRoT-25,4.86069
CoRoT-26 b,CoRoT-26,4.20474
CoRoT-27 b,CoRoT-27,3.57532
CoRoT-28 b,CoRoT-28,5.20851
CoRoT-29 b,CoRoT-29,2.85057
CoRoT-3 b,CoRoT-3,4.2568
CoRoT-30 b,CoRoT-30,9.06005
CoRoT-31 b,CoRoT-31,4.62941
CoRoT-35 b,CoRoT-35,3.22748
CoRoT-36 b,CoRoT-36,5.616531
CoRoT-4 b,CoRoT-4,9.20205
CoRoT-5 b,CoRoT-5,4.0378962
CoRoT-6 b,CoRoT-6,8.886593
CoRoT-7 b,CoRoT-7,0.85359163
CoRoT-7 c,CoRoT-7,3.698
CoRoT-7 d,CoRoT-7,8.966
CoRoT-8 b,CoRoT-8,6.21229
CoRoT-9 b,CoRoT-9,95.272656
CoRoTID 223977153 b,CoRoTID 223977153,6.71837
DE CVn b,DE CVn,4098.1
DENIS-P J082303.1-491201 b,DENIS-P J082303.1-491201,246.36
DH Tau b,DH Tau,
DMPP-1 b,DMPP-1,18.57
DMPP-1 c,DMPP-1,6.584
DMPP-1 d,DMPP-1,2.882
DMPP-1 e,DMPP-1,5.516
DMPP-2 b,DMPP-2,5.2072
DMPP-3 A b,DMPP-3,6.6732
DMPP-4 b,DMPP-4,3.4982
DP Leo b,DP Leo,10220
DS Tuc A b,DS Tuc,8.138268
EPIC 201170410.02,EPIC 201170410,6.7987
EPIC 201238110 b,EPIC 201238110,28.1656
EPIC 201427007 b,EPIC 201427007,0.72091
EPIC 201497682 b,EPIC 201497682,2.13174
EPIC 201595106 b,EPIC 201595106,0.87724
EPIC 201615463 c,K2-166,3.80464
EPIC 201754305 d,K2-16,2.71578
EPIC 201757695.02,EPIC 201757695,2.0478
EPIC 201833600 c,K2-50,3.96151
EPIC 201841433 b,EPIC 201841433,4.1698
EPIC 205950854 c,K2-168,8.050722
EPIC 206024342 b,EPIC 206024342,4.50756
EPIC 206024342 c,EPIC 206024342,0.911724
EPIC 206024342 d,EPIC 206024342,14.647531
EPIC 206032309 b,EPIC 206032309,2.87814
EPIC 206042996 b,EPIC 206042996,5.2986
EPIC 206042996 c,EPIC 206042996,0.354884
EPIC 206215704 b,EPIC 206215704,2.255436
EPIC 206317286 b,EPIC 206317286,1.58252
EPIC 206317286 c,EPIC 206317286,17.515472
EPIC 211822797 b,EPIC 211822797,21.1701963
EPIC 211945201 b,EPIC 211945201,19.49221
EPIC 212297394 b,EPIC 212297394,2.289363
EPIC 212297394 c,EPIC 212297394,5.213965
EPIC 212424622 b,EPIC 212424622,18.0983
EPIC 212499991 b,EPIC 212499991,34.885
EPIC 212587672 b,EPIC 212587672,15.28078
EPIC 212587672 c,EPIC 212587672,23.228555
EPIC 212624936 b,EPIC 212624936,0.578657
EPIC 212624936 c,EPIC 212624936,11.811437
EPIC 212737443 b,EPIC 212737443,13.603
EPIC 212737443 c,EPIC 212737443,65.55
EPIC 220492298 b,EPIC 220492298,0.762406
EPIC 220554210 c,K2-282,0.70531
EPIC 220674823 b,EPIC 220674823,0.571292
EPIC 220674823 c,EPIC 220674823,13.3397
EPIC 228836835 b,EPIC 228836835,0.728113
EPIC 229004835 b,EPIC 229004835,16.141132
EPIC 246851721 b,EPIC 246851721,6.180235
EPIC 248847494 b,EPIC 248847494,3650
EPIC 249893012 b,EPIC 249893012,3.5951
EPIC 249893012 c,EPIC 249893012,15.624
EPIC 249893012 d,EPIC 249893012,35.747
FU Tau b,FU Tau,
G 196-3 b,G 196-3,
G 264-012 b,G 264-012,2.30538
G 264-012 c,G 264-012,8.0518
G 9-40 b,G 9-40,5.7459982
GJ 1002 b,GJ 1002,10.3465
GJ 1002 c,GJ 1002,21.202
GJ 1061 b,GJ 1061,3.204
GJ 1061 c,GJ 1061,6.689
GJ 1061 d,GJ 1061,13.031
GJ 1132 b,GJ 1132,1.62892911
GJ 1132 c,GJ 1132,8.929
GJ 1148 b,GJ 1148,41.38
GJ 1148 c,GJ 1148,532.58
GJ 1151 c,GJ 1151,389.7
GJ 1214 b,GJ 1214,1.58040453
GJ 1252 b,GJ 1252,0.5182331
GJ 1265 b,GJ 1265,3.6511
GJ 143 b,GJ 143,35.61253
GJ 15 A b,GJ 15,11.4407
GJ 15 A c,GJ 15,7600
GJ 160.2 b,GJ 160.2,5.2354
GJ 163 b,GJ 163,8.63182
GJ 163 c,GJ 163,25.63058
GJ 163 d,GJ 163,603.95116
GJ 179 b,GJ 179,2288
GJ 180 b,GJ 180,17.133
GJ 180 c,GJ 180,24.329
GJ 180 d,GJ 180,106.3
GJ 2030 b,GJ 2030,2.38129
GJ 2030 c,GJ 2030,25533.11353
GJ 2056 b,GJ 2056,69.971
GJ 229 A c,GJ 229,121.93268
GJ 229 b,GJ 229,579.47495
GJ 238 b,GJ 238,1.7446999
GJ 251 b,GJ 251,14.238
GJ 27.1 b,GJ 27.1,15.819
GJ 273 b,GJ 273,18.6498
GJ 273 c,GJ 273,4.7234
GJ 3021 b,GJ 3021,133.71
GJ 3082 b,GJ 3082,11.949
GJ 3090 b,GJ 3090,2.8531054
GJ 3138 b,GJ 3138,1.22003
GJ 3138 c,GJ 3138,5.974
GJ 3138 d,GJ 3138,257.8
GJ 317 b,GJ 317,695.66
GJ 317 c,GJ 317,6739.323
GJ 3222 b,HIP 15799,10.66669
GJ 328 b,GJ 328,3771
GJ 328 c,GJ 328,241.8
GJ 3293 b,GJ 3293,30.5987
GJ 3293 c,GJ 3293,122.6196
GJ 3293 d,GJ 3293,48.1345
GJ 3293 e,GJ 3293,13.2543
GJ 3323 b,GJ 3323,5.3636
GJ 3323 c,GJ 3323,40.54
GJ 3341 b,GJ 3341,14.207
GJ 338 B b,GJ 338,24.422
GJ 3470 b,GJ 3470,3.3366496
GJ 3473 b,GJ 3473,1.1980035
GJ 3473 c,GJ 3473,15.509
GJ 3512 b,GJ 3512,203.69
GJ 3512 c,GJ 3512,1599.6
GJ 357 b,GJ 357,3.9306
GJ 357 c,GJ 357,9.1247
GJ 357 d,GJ 357,55.661
GJ 3634 b,GJ 3634,2.64561
GJ 367 b,GJ 367,0.3219225
GJ 367 c,GJ 367,11.5301
GJ 367 d,GJ 367,34.369
GJ 3779 b,GJ 3779,3.0232
GJ 3929 b,GJ 3929,2.616235
GJ 3929 c,GJ 3929,15.04
GJ 393 b,GJ 393,7.02679
GJ 3942 b,GJ 3942,6.905
GJ 3988 b,GJ 3988,6.9442
GJ 3998 b,GJ 3998,2.64977
GJ 3998 c,GJ 3998,13.74
GJ 411 b,GJ 411,12.9394
GJ 414 A b,GJ 414,50.8
GJ 414 A c,GJ 414,749.83
GJ 422 b,GJ 422,20.129
GJ 4276 b,GJ 4276,13.352
GJ 433 b,GJ 433,7.3705
GJ 433 c,GJ 433,5094.105
GJ 433 d,GJ 433,36.059
GJ 436 b,GJ 436,2.64388312
GJ 463 b,GJ 463,3448
GJ 480 b,GJ 480,9.567
GJ 486 b,GJ 486,1.46712127
GJ 504 b,GJ 504,
GJ 514 b,GJ 514,140.43
GJ 536 b,GJ 536,8.7076
GJ 581 b,GJ 581,5.3686
GJ 581 c,GJ 581,12.914
GJ 581 e,GJ 581,3.149
GJ 625 b,GJ 625,14.628
GJ 649 b,GJ 649,600.1
GJ 667 C b,GJ 667,7.203
GJ 667 C c,GJ 667,28.14
GJ 667 C e,GJ 667,62.24
GJ 667 C f,GJ 667,39.026
GJ 667 C g,GJ 667,256.2
GJ 674 b,GJ 674,4.6938
GJ 676 A b,GJ 676,1051.44521
GJ 676 A c,GJ 676,13921.42302
GJ 676 A d,GJ 676,3.60076
GJ 676 A e,GJ 676,35.47358
GJ 680 b,HIP 86057,17281.66514
GJ 682 b,GJ 682,17.478
GJ 682 c,GJ 682,57.32
GJ 685 b,GJ 685,24.16
GJ 687 b,GJ 687,38.142
GJ 687 c,GJ 687,727.562
GJ 720 A b,GJ 720,19.466
GJ 724 b,GJ 724,5.101284
GJ 740 b,GJ 740,2.37756
GJ 806 b,GJ 806,0.9263237
GJ 806 c,GJ 806,6.64064
GJ 832 b,GJ 832,3853
GJ 849 b,GJ 849,1925.31
GJ 849 c,GJ 849,5990
GJ 86 b,GJ 86,15.76491
GJ 876 b,GJ 876,61.1166
GJ 876 c,GJ 876,30.0881
GJ 876 d,GJ 876,1.93778
GJ 876 e,GJ 876,124.26
GJ 887 b,GJ 887,9.262
GJ 887 c,GJ 887,21.789
GJ 896 A b,GJ 896,284.39
GJ 900 b,GJ 900,
GJ 9066 c,GJ 9066,771.36
GJ 9404 b,GJ 9404,13.4586
GJ 96 b,GJ 96,73.94
GJ 9689 b,GJ 9689,18.27
GJ 9714 b,HIP 103768,19240.75467
GJ 9827 b,GJ 9827,1.208974
GJ 9827 c,GJ 9827,3.648103
GJ 9827 d,GJ 9827,6.20183
GPX-1 b,GPX-1,1.744579
GQ Lup b,GQ Lup,
GSC 06214-00210 b,GSC 06214-00210,
GU Psc b,GU Psc,
Gaia-1 b,Gaia-1,3.052524
Gaia-2 b,Gaia-2,3.6915224
Gaia22dkvL b,Gaia22dkvL,
Gl 378 b,Gl 378,3.822
Gl 49 b,Gl 49,13.8508
Gl 686 b,Gl 686,15.53
Gliese 12 b,Gliese 12,12.761408
HAT-P-1 b,HAT-P-1,4.46529976
HAT-P-11 b,HAT-P-11,4.88780244
HAT-P-11 c,HAT-P-11,3299
HAT-P-12 b,HAT-P-12,3.2130598
HAT-P-13 b,HAT-P-13,2.91625
HAT-P-13 c,HAT-P-13,446.27
HAT-P-14 b,HAT-P-14,4.62767
HAT-P-15 b,HAT-P-15,10.8635
HAT-P-16 b,HAT-P-16,2.77596
HAT-P-17 b,HAT-P-17,10.33852
HAT-P-17 c,HAT-P-17,5584
HAT-P-18 b,HAT-P-18,5.508023
HAT-P-19 b,HAT-P-19,4.00878322
HAT-P-2 b,HAT-P-2,5.6335158
HAT-P-2 c,HAT-P-2,8500
HAT-P-20 b,HAT-P-20,2.875317
HAT-P-21 b,HAT-P-21,4.12448
HAT-P-22 b,HAT-P-22,3.21222
HAT-P-23 b,HAT-P-23,1.212884
HAT-P-24 b,HAT-P-24,3.35524
HAT-P-25 b,HAT-P-25,3.65281514
HAT-P-26 b,HAT-P-26,4.23452
HAT-P-27 b,HAT-P-27,3.039577
HAT-P-28 b,HAT-P-28,3.257215
HAT-P-29 b,HAT-P-29,5.72319
HAT-P-3 b,HAT-P-3,2.8997
HAT-P-30 b,HAT-P-30,2.8106
HAT-P-31 b,HAT-P-31,5.00542
HAT-P-32 b,HAT-P-32,2.1500082
HAT-P-33 b,HAT-P-33,3.47447
HAT-P-34 b,HAT-P-34,5.452654
HAT-P-35 b,HAT-P-35,3.646706
HAT-P-36 b,HAT-P-36,1.32734683
HAT-P-37 b,HAT-P-37,2.797436
HAT-P-38 b,HAT-P-38,4.640382
HAT-P-39 b,HAT-P-39,3.54387
HAT-P-4 b,HAT-P-4,3.056536
HAT-P-40 b,HAT-P-40,4.45724
HAT-P-41 b,HAT-P-41,2.69405
HAT-P-42 b,HAT-P-42,4.641878
HAT-P-43 b,HAT-P-43,3.3326414
HAT-P-44 b,HAT-P-44,4.301219
HAT-P-44 c,HAT-P-44,872.2
HAT-P-45 b,HAT-P-45,3.128992
HAT-P-46 b,HAT-P-46,4.463129
HAT-P-49 b,HAT-P-49,2.69155
HAT-P-5 b,HAT-P-5,2.78849
HAT-P-50 b,HAT-P-50,3.1220109
HAT-P-51 b,HAT-P-51,4.21802091
HAT-P-52 b,HAT-P-52,2.7535953
HAT-P-53 b,HAT-P-53,1.9616241
HAT-P-54 b,HAT-P-54,3.799847
HAT-P-55 b,HAT-P-55,3.5852313
HAT-P-56 b,HAT-P-56,2.79083
HAT-P-57 b,HAT-P-57,2.4653
HAT-P-58 b,HAT-P-58,4.0138379
HAT-P-59 b,HAT-P-59,4.1419771
HAT-P-6 b,HAT-P-6,3.85298
HAT-P-60 b,HAT-P-60,4.7947813
HAT-P-61 b,HAT-P-61,1.90231289
HAT-P-62 b,HAT-P-62,2.6453235
HAT-P-63 b,HAT-P-63,3.377728
HAT-P-64 b,HAT-P-64,4.007232
HAT-P-65 b,HAT-P-65,2.60544751
HAT-P-66 b,HAT-P-66,2.972086
HAT-P-67 b,HAT-P-67,4.8101025
HAT-P-68 b,HAT-P-68,2.29840551
HAT-P-69 b,HAT-P-69,4.7869491
HAT-P-7 b,HAT-P-7,2.20474
HAT-P-70 b,HAT-P-70,2.74432452
HAT-P-8 b,HAT-P-8,3.07634
HAT-P-9 b,HAT-P-9,3.92281072
HATS-1 b,HATS-1,3.446459
HATS-10 b,HATS-10,3.312846
HATS-11 b,HATS-11,3.619188
HATS-12 b,HATS-12,3.142702
HATS-13 b,HATS-13,3.0440499
HATS-14 b,HATS-14,2.7667641
HATS-15 b,HATS-15,1.74748753
HATS-16 b,HATS-16,2.686502
HATS-17 b,HATS-17,16.254611
HATS-18 b,HATS-18,0.83784
HATS-2 b,HATS-2,1.35413379
HATS-22 b,HATS-22,4.7228124
HATS-23 b,HATS-23,2.1605156
HATS-24 b,HATS-24,1.3484978
HATS-25 b,HATS-25,4.2986432
HATS-26 b,HATS-26,3.3023881
HATS-27 b,HATS-27,4.637038
HATS-28 b,HATS-28,3.1810781
HATS-29 b,HATS-29,4.6058749
HATS-3 b,HATS-3,3.547851
HATS-30 b,HATS-30,3.1743516
HATS-31 b,HATS-31,3.37796
HATS-32 b,HATS-32,2.8126548
HATS-33 b,HATS-33,2.5495551
HATS-34 b,HATS-34,2.1061607
HATS-35 b,HATS-35,1.8209993
HATS-36 b,HATS-36,4.175186
HATS-37 A b,HATS-37,4.3315366
HATS-38 b,HATS-38,4.375021
HATS-39 b,HATS-39,4.5776348
HATS-4 b,HATS-4,2.516729
HATS-40 b,HATS-40,3.2642736
HATS-41 b,HATS-41,4.193649
HATS-42 b,HATS-42,2.292102
HATS-43 b,HATS-43,4.3888497
HATS-44 b,HATS-44,2.7439004
HATS-45 b,HATS-45,4.1876244
HATS-46 b,HATS-46,4.7423729
HATS-47 b,HATS-47,3.9228038
HATS-48 A b,HATS-48,3.1316666
HATS-49 b,HATS-49,4.1480467
HATS-5 b,HATS-5,4.763387
HATS-50 b,HATS-50,3.8297015
HATS-51 b,HATS-51,3.3488702
HATS-52 b,HATS-52,1.36665436
HATS-53 b,HATS-53,3.8537768
HATS-54 b,HATS-54,2.5441765
HATS-55 b,HATS-55,4.2042001
HATS-56 b,HATS-56,4.324799
HATS-57 b,HATS-57,2.350621
HATS-58 A b,HATS-58,4.2180896
HATS-59 b,HATS-59,5.416081
HATS-59 c,HATS-59,1422
HATS-6 b,HATS-6,3.3252725
HATS-60 b,HATS-60,3.560829
HATS-61 b,HATS-61,7.817953
HATS-62 b,HATS-62,3.2768837
HATS-63 b,HATS-63,3.0566527
HATS-64 b,HATS-64,4.908897
HATS-65 b,HATS-65,3.105161
HATS-66 b,HATS-66,3.1414391
HATS-67 b,HATS-67,1.6091788
HATS-68 b,HATS-68,3.5862202
HATS-69 b,HATS-69,2.2252577
HATS-7 b,HATS-7,3.185315
HATS-70 b,HATS-70,1.8882378
HATS-71 b,HATS-71,3.7955202
HATS-72 b,HATS-72,7.3279474
HATS-74 A b,HATS-74,1.73185606
HATS-75 b,HATS-75,2.7886556
HATS-76 b,HATS-76,1.9416423
HATS-77 b,HATS-77,3.0876262
HATS-8 b,HATS-8,3.583893
HATS-9 b,HATS-9,1.915291
HD 100546 b,HD 100546,
HD 100655 b,HD 100655,157.57001
HD 100777 b,HD 100777,383
HD 101581 b,HIP 56998,4.46569
HD 101581 c,HIP 56998,6.20401
HD 10180 c,HD 10180,5.75969
HD 10180 d,HD 10180,16.357
HD 10180 e,HD 10180,49.748
HD 10180 f,HD 10180,122.744
HD 10180 g,HD 10180,604.67
HD 10180 h,HD 10180,2205
HD 101930 b,HD 101930,70.46
HD 102117 b,HD 102117,20.8133
HD 102195 b,HD 102195,4.11377
HD 102272 b,HD 102272,127.58
HD 102329 b,HD 102329,778.09998
HD 102329 c,HD 102329,1123
HD 102365 b,HD 102365,122.1
HD 102843 b,HD 102843,3090.942
HD 102956 b,HD 102956,6.4947
HD 103197 b,HD 103197,47.84
HD 103720 b,HD 103720,4.5557
HD 103774 b,HD 103774,5.8881
HD 103891 b,HD 103891,1919
HD 103949 b,HD 103949,120.878
HD 104067 b,HD 104067,55.851
HD 104067 c,HD 104067,13.8992
HD 10442 b,HD 10442,1032.3
HD 104985 b,HD 104985,199.68
HD 105618 b,HD 105618,10.02245
HD 105618 c,HD 105618,77114.07158
HD 105779 b,HD 105779,2412
HD 106252 b,HD 106252,1531
HD 106270 b,HD 106270,1888
HD 106315 b,HD 106315,9.55237
HD 106315 c,HD 106315,21.05704
HD 10647 b,HD 10647,989.2
HD 106515 A b,HD 106515,3586.86089
HD 106906 b,HD 106906,
HD 10697 b,HD 10697,1075.3799
HD 107148 b,HD 107148,48.056
HD 107148 c,HD 107148,18.3267
HD 108147 b,HD 108147,10.8985
HD 108202 b,HD 108202,2990
HD 108236 b,HD 108236,3.795963
HD 108236 c,HD 108236,6.203449
HD 108236 d,HD 108236,14.175685
HD 108236 e,HD 108236,19.590025
HD 108236 f,HD 108236,29.54115
HD 108341 b,HD 108341,1129
HD 108863 b,HD 108863,437.7
HD 108874 b,HD 108874,394.48123
HD 108874 c,HD 108874,1624
HD 109246 b,HD 109246,68.27
HD 109271 b,HD 109271,7.8543
HD 109271 c,HD 109271,30.93
HD 109286 b,HD 109286,520.1
HD 109749 b,HD 109749,5.239891
HD 10975 b,HD 10975,283.8
HD 109833 b,HD 109833,9.188526
HD 109833 c,HD 109833,13.900148
HD 109988 b,HD 109988,17132.15854
HD 89744 b,HD 89744,835.477
HD 89839 b,HD 89839,9.113678
HD 90156 b,HD 90156,13.673694
HD 9174 b,HD 9174,20.519617
HD 92788 b,HD 92788,30.793091
HD 92788 c,HD 92788,41.05854
HD 93083 b,HD 93083,54.76992
HD 93351 b,HD 93351,10.18271
HD 93351 c,HD 93351,2.541
HD 93385 b,HD 93385,6.744
HD 93385 c,HD 93385,24469.67342
HD 93385 d,HD 93385,17244.90764
HD 93963 A b,HD 93963,1169.13202
HD 93963 A c,HD 93963,26472.44623
HD 9446 b,HD 9446,1056.4
HD 9446 c,HD 9446,810
HD 94771 b,HD 94771,466.63
HD 94834 b,HD 94834,2615
HD 95086 b,HD 95086,613.2
HD 95089 b,HD 95089,317.58639
HD 95089 c,HD 95089,5429.93477
HD 95127 b,HD 95127,228.53731
HD 95338 b,HD 95338,663.2
HD 95544 b,HD 95544,1818
HD 95735 c,GJ 411,610.2
HD 95872 b,HD 95872,109.75
HD 96063 b,HD 96063,937.70001
HD 96127 b,HD 96127,1121.79
HD 96167 b,HD 96167,493.7
HD 96700 b,HD 96700,4352
HD 96700 c,HD 96700,32669.22247
HD 96700 d,HD 96700,1617.7
HD 96992 b,HD 96992,223.92
HD 97037 b,HD 97037,26500
HD 97048 b,HD 97048,10.49488
HD 97658 b,HD 97658,15319.22517
HD 98219 b,HD 98219,3700
HD 98649 b,HD 98649,670
HD 98736 b,HD 98736,907
HD 99109 b,HD 99109,2621.75
HD 99283 b,HD 99283,433.70001
HD 99492 b,HD 99492,25.8
HD 99492 c,HD 99492,6.134989
HD 99706 b,HD 99706,5070
HD 99706 c,HD 99706,1945
HIP 105854 b,HIP 105854,37.91
HIP 107772 b,HIP 107772,711
HIP 107773 b,HIP 107773,2142
HIP 109384 b,HIP 109384,63.33
HIP 109600 b,HIP 109600,4.36305
HIP 113103 b,HIP 113103,36336.70679
HIP 113103 c,HIP 113103,84.96276
HIP 114933 b,HIP 114933,270.66
HIP 116454 b,HIP 116454,58.83
HIP 12961 b,HIP 12961,14901.99295
HIP 14810 b,HIP 14810,1757.39151
HIP 14810 c,HIP 14810,9.6737
HIP 14810 d,HIP 14810,557.69994
HIP 19976 b,HIP 19976,4.15466
HIP 21152 b,HIP 21152,2822.72698
HIP 29442 c,HD 42813,133.60001
HIP 29442 d,HD 42813,960.41
HIP 34222 b,HIP 34222,262.70862
HIP 35173 b,HIP 35173,1708
HIP 35965 b,HIP 35965,1257.25303
HIP 38594 b,HIP 38594,65.78395
HIP 38594 c,HIP 38594,453.019
HIP 39017 b,HIP 39017,921.538
HIP 41378 b,HIP 41378,298.2
HIP 41378 c,HIP 41378,1840
HIP 41378 d,HIP 41378,10.70871
HIP 41378 e,HIP 41378,896
HIP 41378 f,HIP 41378,2613
HIP 4845 b,HIP 4845,471.60001
HIP 48714 b,HIP 48714,908
HIP 5158 b,HIP 5158,1544
HIP 5158 c,HIP 5158,649
HIP 54373 b,HIP 54373,3568
HIP 54373 c,HIP 54373,5769
HIP 54597 b,HIP 54597,3.2696
HIP 55507 b,HIP 55507,1291.5646
HIP 56640 b,HIP 56640,12.089
HIP 57274 b,HIP 57274,58.883
HIP 57274 c,HIP 57274,966.5
HIP 57274 d,HIP 57274,4.3203
HIP 5763 b,HIP 5763,26.915
HIP 63242 b,HIP 63242,258.17999
HIP 65 A b,HIP 65,5000
HIP 65407 b,HIP 65407,4055
HIP 65407 c,HIP 65407,15.92347557
HIP 65426 b,HIP 65426,2422.32597
HIP 65891 b,HIP 65891,1187.59765
HIP 66074 b,HIP 66074,11.57797
HIP 67522 b,HIP 67522,27.59221
HIP 67522 c,HIP 67522,107.245
HIP 67537 b,HIP 67537,464.29999
HIP 67851 b,HIP 67851,4540
HIP 67851 c,HIP 67851,142.22895
HIP 70849 b,HIP 70849,330
HIP 71135 b,HIP 71135,1.62116
HIP 74890 b,HIP 74890,479.9
HIP 75092 b,HIP 75092,14.1815
HIP 77900 b,HIP 77900,53.753
HIP 78530 b,HIP 78530,19.382
HIP 79098 AB b,HIP 79098,931
HIP 79431 b,HIP 79431,4218
HIP 81208 C b,HIP 81208,1124.79139
HIP 8152 b,HIP 8152,11.53533
HIP 8152 c,HIP 8152,2744
HIP 8541 b,HIP 8541,9.02378
HIP 86221 b,HIP 86221,14386
HIP 90988 b,HIP 90988,15.5083
HIP 91258 b,HIP 91258,94.44
HIP 94235 b,HIP 94235,201.99
HIP 948 b,HIP 948,1069.8
HIP 9618 b,HIP 9618,5000
HIP 9618 c,HIP 9618,653.21997
HIP 97166 b,HIP 97166,108.45299
HIP 97166 c,HIP 97166,351.43394
HIP 97233 b,HIP 97233,10159.64279
HIP 99770 b,HIP 99770,1928
HN Lib b,HN Lib,1299
HN Peg b,HN Peg,386.29999
HR 2562 b,HR 2562,2.1974
HR 5183 b,HR 5183,1039.15
HR 810 b,HR 810,40.43914
HR 858 b,HR 858,103.95
HR 858 c,HR 858,176.13
HR 858 d,HR 858,15732.45889
HR 8799 b,HR 8799,2751.53433
HR 8799 c,HR 8799,5.77152
HR 8799 d,HR 8799,13.5052
HR 8799 e,HR 8799,44.236
HS Psc b,HS Psc,1008
HU Aqr AB b,HU Aqr,86.58
HU Aqr AB c,HU Aqr,528.4
IC 4651 9122 b,IC 4651 9122,676.6
IRAS 04125+2902 b,TOI-6963,116.596
ITG 15 b,ITG 15,491.54
K2-10 b,K2-10,1027
K2-100 b,K2-100,328.55
K2-101 b,K2-101,5062
K2-102 b,K2-102,331.5
K2-104 b,K2-104,2.87589
K2-105 b,K2-105,4.07182
K2-107 b,K2-107,16521.52778
K2-108 b,K2-108,562
K2-11 b,K2-11,428.5
K2-110 b,K2-110,5894
K2-111 b,K2-111,21.89288
K2-111 c,K2-111,18144.76236
K2-113 b,K2-113,2918.92
K2-114 b,K2-114,686.5
K2-115 b,K2-115,11.6264
K2-116 b,K2-116,24.38
K2-117 b,K2-117,4.75615
K2-117 c,K2-117,17.1784
K2-118 b,K2-118,7.29903
K2-119 b,K2-119,15.27018
K2-12 b,K2-12,40654.64809
K2-121 b,K2-121,499.39999
K2-122 b,K2-122,18.56
K2-123 b,K2-123,3341.55884
K2-124 b,K2-124,5163
K2-125 b,K2-125,163.94
K2-126 b,K2-126,408.60001
K2-127 b,K2-127,3452
K2-128 b,K2-128,352.65
K2-129 b,K2-129,194.3
K2-13 b,K2-13,391.9
K2-130 b,K2-130,1.87567
K2-131 b,K2-131,17202.19446
K2-132 b,K2-132,21.85849
K2-133 b,K2-133,7841.5839
K2-133 c,K2-133,133.40355
K2-133 d,K2-133,4818.25358
K2-133 e,K2-133,842.2
K2-136 b,K2-136,4.6455
K2-136 c,K2-136,811.3
K2-136 d,K2-136,359.51001
K2-137 b,K2-137,521
K2-138 b,K2-138,2.178
K2-138 c,K2-138,3.432
K2-138 d,K2-138,5.1980814
K2-138 e,K2-138,7.951
K2-138 f,K2-138,12.028
K2-138 g,K2-138,820.2
K2-139 b,K2-139,10.924709
K2-14 b,K2-14,21.583298
K2-140 b,K2-140,12.62
K2-141 b,K2-141,248.4
K2-141 c,K2-141,1184.1
K2-146 b,K2-146,351
K2-146 c,K2-146,577.2
K2-147 b,K2-147,2149
K2-148 b,K2-148,645
K2-148 c,K2-148,3947
K2-148 d,K2-148,9.6392
K2-149 b,K2-149,307.9
K2-15 b,K2-15,279.3
K2-150 b,K2-150,75.523
K2-151 b,K2-151,990
K2-152 b,K2-152,8.4282
K2-153 b,K2-153,75.2203
K2-154 b,K2-154,1272
K2-154 c,K2-154,17.24
K2-155 b,K2-155,280.17
K2-155 c,K2-155,40
K2-155 d,K2-155,641.472
K2-156 b,K2-156,1207
K2-157 b,K2-157,75.74
K2-158 b,K2-158,12.458
K2-158 c,K2-158,41.763
K2-159 b,K2-159,2342.6
K2-16 b,K2-16,434.5
K2-16 c,K2-16,270
K2-160 b,K2-160,5144
K2-161 b,K2-161,417.67
K2-162 b,K2-162,1820
K2-163 b,K2-163,20.6532
K2-164 b,K2-164,15.1479
K2-165 b,K2-165,58.11187
K2-165 c,K2-165,1753.1096
K2-165 d,K2-165,6.404
K2-166 b,K2-166,14773.93272
K2-167 b,K2-167,533
K2-168 b,K2-168,10256
K2-169 b,K2-169,
K2-17 b,K2-17,225.67372
K2-170 b,K2-170,1818.82339
K2-170 c,K2-170,1145
K2-171 b,K2-171,359.89999
K2-172 b,K2-172,550
K2-172 c,K2-172,1532
K2-173 b,K2-173,21.21663
K2-174 b,K2-174,322.03
K2-175 b,K2-175,582
K2-176 b,K2-176,1175
K2-177 b,K2-177,298.43
K2-178 b,K2-178,29.01
K2-179 b,K2-179,623.8
K2-18 b,K2-18,6.4898
K2-18 c,K2-18,16.8191
K2-180 b,K2-180,44.505
K2-181 b,K2-181,410.10001
K2-182 b,K2-182,110.9
K2-183 b,K2-183,71.484
K2-183 c,K2-183,14.479
K2-183 d,K2-183,3.092514
K2-184 b,K2-184,213.72
K2-185 b,K2-185,2278
K2-185 c,K2-185,394.73
K2-186 b,K2-186,105.911
K2-187 b,K2-187,510.9
K2-187 c,K2-187,7593.40512
K2-187 d,K2-187,564.1
K2-187 e,K2-187,10.2851
K2-188 b,K2-188,28982.41764
K2-188 c,K2-188,9.3743
K2-189 b,K2-189,962
K2-189 c,K2-189,2172
K2-19 b,K2-19,956
K2-19 c,K2-19,624.87404
K2-19 d,K2-19,4667.97841
K2-190 b,K2-190,17.471291
K2-190 c,K2-190,286.6
K2-191 b,K2-191,484.3
K2-192 b,K2-192,836.4
K2-193 b,K2-193,803
K2-194 b,K2-194,6.83776
K2-195 b,K2-195,4060
K2-195 c,K2-195,4.1374354
K2-196 b,K2-196,1019.74
K2-197 b,K2-197,3.0965828
K2-198 b,K2-198,3810
K2-198 c,K2-198,766
K2-198 d,K2-198,461.2
K2-199 b,K2-199,14583.81038
K2-199 c,K2-199,14.288
K2-200 b,K2-200,33.688
K2-201 b,K2-201,2.21857567
K2-201 c,K2-201,11.724128
K2-2016-BLG-0005L b,K2-2016-BLG-0005L,1143.59858
K2-202 b,K2-202,2854
K2-203 b,K2-203,17.111
K2-204 b,K2-204,1176.45
K2-205 b,K2-205,4885
K2-206 b,K2-206,1603.38923
K2-207 b,K2-207,8.8803256
K2-208 b,K2-208,28.579743
K2-209 b,K2-209,38.353037
K2-21 b,K2-21,101.12
K2-21 c,K2-21,2200
K2-210 b,K2-210,284
K2-211 b,K2-211,24.3556
K2-212 b,K2-212,74.72
K2-213 b,K2-213,525.8
K2-214 b,K2-214,340.94
K2-215 b,K2-215,13092.18348
K2-216 b,K2-216,18.20132
K2-217 b,K2-217,1392
K2-218 b,K2-218,3638
K2-219 b,K2-219,402
K2-219 c,K2-219,1333
K2-219 d,K2-219,1035.7
K2-22 b,K2-22,99.62167
K2-220 b,K2-220,466.2
K2-221 b,K2-221,11.8482
K2-222 b,K2-222,33.9239
K2-223 b,K2-223,606.3
K2-223 c,K2-223,852.5
K2-224 b,K2-224,1260
K2-224 c,K2-224,517.8
K2-225 b,K2-225,946.6
K2-226 b,K2-226,3.308958
K2-227 b,K2-227,
K2-228 b,K2-228,0.926118
K2-229 b,K2-229,512.5352
K2-229 c,K2-229,2481.07227
K2-230 b,K2-230,1120
K2-231 b,K2-231,2041.11539
K2-232 b,K2-232,34.95875
K2-233 b,K2-233,7325.64666
K2-233 c,K2-233,1733
K2-233 d,K2-233,25.33798
K2-237 b,K2-237,279.8
K2-238 b,K2-238,96.045
K2-239 b,K2-239,673.2
K2-239 c,K2-239,9350
K2-239 d,K2-239,2090
K2-24 b,K2-24,6.441008
K2-24 c,K2-24,5.3135
K2-240 b,K2-240,13.8905
K2-240 c,K2-240,29.158
K2-241 b,K2-241,85.5073
K2-242 b,K2-242,597.0643
K2-243 b,K2-243,160.07
K2-243 c,K2-243,1155.7
K2-244 b,K2-244,16.20166
K2-245 b,K2-245,18.314
K2-246 b,K2-246,89.68
K2-247 b,K2-247,147.02
K2-247 c,K2-247,647.6
K2-248 b,K2-248,130.08
K2-249 b,K2-249,875.5
K2-25 b,K2-25,380.85001
K2-250 b,K2-250,358.27
K2-251 b,K2-251,3.52474859
K2-252 b,K2-252,649.918
K2-253 b,K2-253,442.19
K2-254 b,K2-254,355.5
K2-254 c,K2-254,223.8
K2-255 b,K2-255,1558
K2-257 b,K2-257,25.201
K2-258 b,K2-258,2.24571
K2-259 b,K2-259,380.7
K2-26 b,K2-26,882.70001
K2-260 b,K2-260,17000
K2-261 b,K2-261,11.12214
K2-263 b,K2-263,1.008035
K2-264 b,K2-264,4.78503
K2-264 c,K2-264,84.288
K2-265 b,K2-265,1854.84424
K2-266 b,K2-266,5.75999
K2-266 c,K2-266,7.28243
K2-266 d,K2-266,10.86499
K2-266 e,K2-266,25.1967
K2-268 b,K2-268,25.1292
K2-268 c,K2-268,3.93404
K2-268 d,K2-268,566
K2-268 e,K2-268,1311
K2-268 f,K2-268,1359
K2-269 b,K2-269,35.45
K2-27 b,K2-27,154.43
K2-270 b,K2-270,148.60001
K2-270 c,K2-270,118.45
K2-271 b,K2-271,22.6786
K2-272 b,K2-272,53.7357
K2-273 b,K2-273,7.12682
K2-274 b,K2-274,4270
K2-275 b,K2-275,7.78993
K2-275 c,K2-275,1301.36009
K2-276 b,K2-276,2.52221
K2-277 b,K2-277,2560.19774
K2-278 b,K2-278,225.7
K2-279 b,K2-279,5478.68861
K2-28 b,K2-28,3.092926
K2-280 b,K2-280,6.76458
K2-281 b,K2-281,46.859
K2-282 b,K2-282,22.717
K2-283 b,K2-283,94.2
K2-284 b,K2-284,2247
K2-285 b,K2-285,275.5
K2-285 c,K2-285,2093.3
K2-285 d,K2-285,6.04345
K2-285 e,K2-285,3.83483
K2-286 b,K2-286,4789.87297
K2-287 b,K2-287,672.09998
K2-288 B b,K2-288,1728
K2-289 b,K2-289,2266.4
K2-29 b,K2-29,3724.7
K2-290 b,K2-290,218.47
K2-290 c,K2-290,456.1
K2-291 b,K2-291,14.2767
K2-292 b,K2-292,10066
K2-293 b,K2-293,1173
K2-294 b,K2-294,871
K2-295 b,K2-295,3999
K2-3 b,K2-3,14892
K2-3 c,K2-3,572.38
K2-3 d,K2-3,1202.05199
K2-30 b,K2-30,26.6904
K2-308 b,K2-308,5.09071
K2-31 b,K2-31,872.6
K2-312 c,HD 80653,528.07
K2-315 b,K2-315,47.42489
K2-316 b,K2-316,730.59998
K2-316 c,K2-316,1211.17
K2-317 b,K2-317,141.63
K2-318 b,K2-318,192
K2-319 b,K2-319,2058
K2-32 b,K2-32,17.667087
K2-32 c,K2-32,29.79749
K2-32 d,K2-32,3.97664
K2-32 e,K2-32,7.90754
K2-320 b,K2-320,12.1621839
K2-321 b,K2-321,7.434151
K2-322 b,K2-322,1535.11912
K2-323 b,K2-323,13.671
K2-324 b,K2-324,4100
K2-325 b,K2-325,501.75
K2-326 b,K2-326,745.70001
K2-329 b,K2-329,3668
K2-33 b,K2-33,515.4
K2-330 b,K2-330,535.59998
K2-331 b,K2-331,2.0455
K2-331 c,K2-331,6134.427
K2-332 b,K2-332,1802.29
K2-333 b,K2-333,7.0491423
K2-334 b,K2-334,3.04405
K2-335 b,K2-335,457.01
K2-336 b,K2-336,41.83156
K2-337 b,K2-337,26308.65619
K2-338 b,K2-338,2.76953
K2-339 b,K2-339,5.70588
K2-34 b,K2-34,10942.29013
K2-340 b,K2-340,3.4442
K2-341 b,K2-341,4.12688
K2-342 b,K2-342,428.1
K2-343 b,K2-343,2198.14
K2-343 c,K2-343,18.01939
K2-344 b,K2-344,36.07
K2-345 b,K2-345,5019.54244
K2-346 b,K2-346,654.5
K2-347 b,K2-347,22.89104
K2-348 b,K2-348,56.00819
K2-348 c,K2-348,84.25999
K2-349 b,K2-349,385.52775
K2-35 b,K2-35,17417.92079
K2-35 c,K2-35,14.23283
K2-350 b,K2-350,1333
K2-350 c,K2-350,
K2-351 b,K2-351,6.0881
K2-352 b,K2-352,8.7836
K2-352 c,K2-352,380.2
K2-352 d,K2-352,1362.3
K2-353 b,K2-353,2443
K2-354 b,K2-354,892.7
K2-355 b,K2-355,312.08
K2-356 b,K2-356,20608.14049
K2-357 b,K2-357,2514.53422
K2-358 b,K2-358,12085.45186
K2-36 b,K2-36,1157
K2-36 c,K2-36,1684
K2-360 c,EPIC 201595106,847
K2-365 b,K2-365,466
K2-366 b,K2-366,16.5535
K2-367 b,K2-367,51.2053
K2-368 b,K2-368,271.6737
K2-368 c,K2-368,0.959641
K2-368 d,K2-368,29.8454
K2-369 b,K2-369,8.4112
K2-37 b,K2-37,96.63
K2-37 c,K2-37,157.35
K2-37 d,K2-37,2372
K2-370 b,K2-370,3.38773
K2-371 b,K2-371,621.62
K2-372 b,K2-372,330
K2-373 b,K2-373,810.2
K2-374 b,K2-374,89.9
K2-374 c,K2-374,18.712024
K2-375 b,K2-375,18.1991
K2-376 b,K2-376,388
K2-377 b,K2-377,551.40002
K2-378 b,K2-378,916
K2-379 b,K2-379,1049
K2-38 b,K2-38,214.67
K2-38 c,K2-38,117.87
K2-380 b,K2-380,49.175
K2-381 b,K2-381,676.8
K2-381 c,K2-381,5700
K2-381 d,K2-381,82.467
K2-382 b,K2-382,273.1
K2-383 b,K2-383,490
K2-384 b,K2-384,62.25
K2-384 c,K2-384,154.378
K2-384 d,K2-384,885.5
K2-384 e,K2-384,1862
K2-384 f,K2-384,55.01292
K2-385 b,K2-385,2720
K2-386 b,K2-386,1211
K2-387 b,K2-387,363.20001
K2-388 b,K2-388,14.3099
K2-389 b,K2-389,2127.60566
K2-389 c,K2-389,685.25
K2-39 b,K2-39,2088.75851
K2-390 b,K2-390,5.6368
K2-391 b,K2-391,14.03
K2-392 b,K2-392,33.91
K2-393 b,K2-393,3.2498
K2-394 b,K2-394,4.3123
K2-395 b,K2-395,9.6184
K2-395 c,K2-395,20.432
K2-396 b,K2-396,51.76
K2-396 c,K2-396,197.8
K2-397 b,K2-397,578.6
K2-398 b,K2-398,264.14999
K2-398 c,K2-398,963
K2-4 b,K2-4,1.3283
K2-400 b,K2-400,526.5239
K2-401 b,K2-401,857.5
K2-402 b,K2-402,431.88
K2-403 b,K2-403,6700
K2-404 b,K2-404,832.97
K2-405 b,K2-405,149.61
K2-406 b,K2-406,13.6308205
K2-407 b,K2-407,15.56
K2-407 c,K2-407,356.21
K2-408 b,K2-408,308.92072
K2-409 b,K2-409,9295.9735
K2-411 b,K2-411,36.9987
K2-412 b,K2-412,472
K2-413 b,K2-413,5.8854
K2-413 c,K2-413,13.1354
K2-414 b,K2-414,963.6
K2-414 c,K2-414,225.79
K2-415 b,K2-415,345.43
K2-416 b,K2-416,44.073
K2-417 b,K2-417,20324.58153
K2-419 A b,K2-419,3.023573
K2-42 b,K2-42,4.0845
K2-43 b,K2-43,1353.6
K2-43 c,K2-43,371.74
K2-44 b,K2-44,3184.2
K2-45 b,K2-45,360.08
K2-46 b,K2-46,677.53
K2-47 b,K2-47,712.13
K2-48 b,K2-48,434
K2-49 b,K2-49,778.51
K2-5 b,K2-5,7.34013
K2-5 c,K2-5,38.06
K2-50 b,K2-50,151.92
K2-52 b,K2-52,400.5
K2-53 b,K2-53,4.94737
K2-54 b,K2-54,2447.1
K2-55 b,K2-55,8619.9
K2-57 b,K2-57,1293
K2-58 b,K2-58,14.0726
K2-58 c,K2-58,95.9446
K2-58 d,K2-58,119.27
K2-59 b,K2-59,14.339156
K2-59 c,K2-59,40.87
K2-6 b,K2-6,637.1
K2-60 b,K2-60,872.2
K2-61 b,K2-61,1827
K2-62 b,K2-62,139.35
K2-62 c,K2-62,768.7
K2-63 b,K2-63,492.3
K2-63 c,K2-63,29.04992
K2-64 b,K2-64,5859.08992
K2-65 b,K2-65,177.11
K2-66 b,K2-66,299.36
K2-68 b,K2-68,495.4
K2-69 b,K2-69,201.9
K2-7 b,K2-7,600.1
K2-70 b,K2-70,5.2549
K2-71 b,K2-71,5138
K2-72 b,K2-72,74839.94555
K2-72 c,K2-72,589.64
K2-72 d,K2-72,14306.88519
K2-72 e,K2-72,7.1079384
K2-73 b,K2-73,20.543847
K2-74 b,K2-74,4.209075
K2-75 b,K2-75,2.81805
K2-75 c,K2-75,358
K2-77 b,K2-77,9.058807
K2-79 b,K2-79,21.4027
K2-8 b,K2-8,45.791
K2-8 c,K2-8,623
K2-80 b,K2-80,21.998
K2-80 c,K2-80,577.6
K2-80 d,K2-80,5370
K2-81 b,K2-81,480.5
K2-83 b,K2-83,2269.81726
K2-83 c,K2-83,10478.84437
K2-84 b,K2-84,352.2
K2-84 c,K2-84,2374
K2-85 b,K2-85,2496
K2-86 b,K2-86,1103
K2-87 b,K2-87,663.87
K2-88 b,K2-88,6.27711
K2-89 b,K2-89,16000
K2-9 b,K2-9,1193.3
K2-90 b,K2-90,8.667
K2-90 c,K2-90,31.56
K2-91 b,K2-91,197
K2-95 b,K2-95,851.8
K2-97 b,K2-97,2124.54
K2-98 b,K2-98,615
K2-99 b,K2-99,858
KELT-1 b,KELT-1,3549.39854
KELT-10 b,KELT-10,18207.72098
KELT-11 b,KELT-11,39.44603
KELT-12 b,KELT-12,2690
KELT-14 b,KELT-14,1257.99159
KELT-15 b,KELT-15,17071.78045
KELT-16 b,KELT-16,15.611
KELT-17 b,KELT-17,65.94
KELT-18 b,KELT-18,5823
KELT-19 A b,KELT-19,188.3
KELT-2 A b,KELT-2,379.1
KELT-20 b,KELT-20,1750
KELT-21 b,KELT-21,6.398042
KELT-23 A b,KELT-23,18.87974
KELT-24 b,KELT-24,51.63564
KELT-3 b,KELT-3,2448.48726
KELT-4 A b,KELT-4,1270.55195
KELT-6 b,KELT-6,15.017
KELT-6 c,KELT-6,3449
KELT-7 b,KELT-7,3.50927
KELT-8 b,KELT-8,4356
KELT-9 b,KELT-9,341.2
KIC 10001893 b,KIC 10001893,7900
KIC 10001893 c,KIC 10001893,422.82
KIC 10001893 d,KIC 10001893,6717
KIC 10068024 b,KIC 10068024,3.97097
KIC 10525077 b,KIC 10525077,415.891
KIC 3526061 b,KIC 3526061,5.7361
KIC 3558849 b,KIC 3558849,6.527363
KIC 5437945 b,KIC 5437945,273.1
KIC 5479689 b,KIC 5479689,5.39792
KIC 7917485 b,KIC 7917485,15.299
KIC 8121913 b,KIC 8121913,24.451
KIC 8540376 b,KOI-7892,1807
KIC 8540376 c,KOI-7892,111.4367
KIC 9663113 b,KIC 9663113,0.719573
KMT-2016-BLG-0212L b,KMT-2016-BLG-0212L,1752.92067
KMT-2016-BLG-1105L b,KMT-2016-BLG-1105L,6383.78352
KMT-2016-BLG-1107L b,KMT-2016-BLG-1107L,10839.83341
KMT-2016-BLG-1397L b,KMT-2016-BLG-1397L,1004.7
KMT-2016-BLG-1820L b,KMT-2016-BLG-1820L,183.93
KMT-2016-BLG-1836L b,KMT-2016-BLG-1836L,1021.20159
KMT-2016-BLG-2142L b,KMT-2016-BLG-2142L,622.97802
KMT-2016-BLG-2321L b,KMT-2016-BLG-2321L,705
KMT-2016-BLG-2364L b,KMT-2016-BLG-2364L,441.47
KMT-2016-BLG-2397L b,KMT-2016-BLG-2397L,220.078
KMT-2016-BLG-2605L b,KMT-2016-BLG-2605L,158.991
KMT-2017-BLG-0165L b,KMT-2017-BLG-0165L,2.985628
KMT-2017-BLG-0428L b,KMT-2017-BLG-0428L,8241
KMT-2017-BLG-0673L b,KMT-2017-BLG-0673L,1313
KMT-2017-BLG-1003L b,KMT-2017-BLG-1003L,799.52
KMT-2017-BLG-1038L b,KMT-2017-BLG-1038L,227
KMT-2017-BLG-1146L b,KMT-2017-BLG-1146L,25775.78859
KMT-2017-BLG-1194L b,KMT-2017-BLG-1194L,2.1378431
KMT-2017-BLG-2509L b,KMT-2017-BLG-2509L,1628
KMT-2018-BLG-0029L b,KMT-2018-BLG-0029L,3.98442
KMT-2018-BLG-0030L b,KMT-2018-BLG-0030L,1488.79123
KMT-2018-BLG-0087L b,KMT-2018-BLG-0087L,31.1515
KMT-2018-BLG-0247L b,KMT-2018-BLG-0247L,1644.69097
KMT-2018-BLG-0748L b,KMT-2018-BLG-0748L,1270
KMT-2018-BLG-0885L b,KMT-2018-BLG-0885L,13.481
KMT-2018-BLG-1025L b,KMT-2018-BLG-1025L,3309.22118
KMT-2018-BLG-1292L b,KMT-2018-BLG-1292L,18538.79293
KMT-2018-BLG-1743L b,KMT-2018-BLG-1743L,3.414884
KMT-2018-BLG-1976L b,KMT-2018-BLG-1976L,146.05
KMT-2018-BLG-1988L b,KMT-2018-BLG-1988L,2166
KMT-2018-BLG-1990L b,KMT-2018-BLG-1990L,11.8143
KMT-2018-BLG-1996L b,KMT-2018-BLG-1996L,256.78
KMT-2018-BLG-2602L b,KMT-2018-BLG-2602L,3441
KMT-2019-BLG-0253L b,KMT-2019-BLG-0253L,49.77
KMT-2019-BLG-0297L b,KMT-2019-BLG-0297L,1179
KMT-2019-BLG-0298L b,KMT-2019-BLG-0298L,325.803
KMT-2019-BLG-0335L b,KMT-2019-BLG-0335L,11611.2975
KMT-2019-BLG-0371L b,KMT-2019-BLG-0371L,143.58
KMT-2019-BLG-0414L b,KMT-2019-BLG-0414L,2.45946
KMT-2019-BLG-0842L b,KMT-2019-BLG-0842L,14010.2941
KMT-2019-BLG-0953L b,KMT-2019-BLG-0953L,7.3426
KMT-2019-BLG-1042L b,KMT-2019-BLG-1042L,13.18
KMT-2019-BLG-1216L b,KMT-2019-BLG-1216L,45.85
KMT-2019-BLG-1339L b,KMT-2019-BLG-1339L,1.0376109
KMT-2019-BLG-1367L b,KMT-2019-BLG-1367L,3.6451389
KMT-2019-BLG-1552L b,KMT-2019-BLG-1552L,30.052
KMT-2019-BLG-1715L b,KMT-2019-BLG-1715L,192.9
KMT-2019-BLG-1806L b,KMT-2019-BLG-1806L,2164
KMT-2019-BLG-1953L b,KMT-2019-BLG-1953L,1576
KMT-2019-BLG-2783L b,KMT-2019-BLG-2783L,
KMT-2019-BLG-2974L b,KMT-2019-BLG-2974L,464.4
KMT-2020-BLG-0414L b,KMT-2020-BLG-0414L,1785
KMT-2020-BLG-0414L c,KMT-2020-BLG-0414L,482
KMT-2021-BLG-0119L b,KMT-2021-BLG-0119L,55.087
KMT-2021-BLG-0171L b,KMT-2021-BLG-0171L,2041.54152
KMT-2021-BLG-0192L b,KMT-2021-BLG-0192L,2946
KMT-2021-BLG-0240L b,KMT-2021-BLG-0240L,4375
KMT-2021-BLG-0320L b,KMT-2021-BLG-0320L,362.5
KMT-2021-BLG-0322L b,KMT-2021-BLG-0322L,647.29999
KMT-2021-BLG-0712L b,KMT-2021-BLG-0712L,498.04
KMT-2021-BLG-0748L b,KMT-2021-BLG-0748L,8.1245
KMT-2021-BLG-0909L b,KMT-2021-BLG-0909L,19.88
KMT-2021-BLG-0912L b,KMT-2021-BLG-0912L,103.5
KMT-2021-BLG-1077L b,KMT-2021-BLG-1077L,514
KMT-2021-BLG-1077L c,KMT-2021-BLG-1077L,6449.08337
KMT-2021-BLG-1105L b,KMT-2021-BLG-1105L,
KMT-2021-BLG-1150L b,KMT-2021-BLG-1150L,9.4897116
KMT-2021-BLG-1253L b,KMT-2021-BLG-1253L,433.8
KMT-2021-BLG-1303L b,KMT-2021-BLG-1303L,5697.3043
KMT-2021-BLG-1372L b,KMT-2021-BLG-1372L,968.8
KMT-2021-BLG-1391L b,KMT-2021-BLG-1391L,439.29999
KMT-2021-BLG-1547L b,KMT-2021-BLG-1547L,310.4
KMT-2021-BLG-1554L b,KMT-2021-BLG-1554L,17.0503
KMT-2021-BLG-1689L b,KMT-2021-BLG-1689L,95.233
KMT-2021-BLG-1770L b,KMT-2021-BLG-1770L,841
KMT-2021-BLG-1898L b,KMT-2021-BLG-1898L,1278
KMT-2021-BLG-2010L b,KMT-2021-BLG-2010L,184.2
KMT-2021-BLG-2294L b,KMT-2021-BLG-2294L,55.199
KMT-2021-BLG-2478L b,KMT-2021-BLG-2478L,144.3
KMT-2021-BLG-2609L b,KMT-2021-BLG-2609L,499.48
KMT-2022-BLG-0303L b,KMT-2022-BLG-0303L,232.08
KMT-2022-BLG-0371L b,KMT-2022-BLG-0371L,7.610303
KMT-2022-BLG-0440L b,KMT-2022-BLG-0440L,14.245648
KMT-2022-BLG-1013L b,KMT-2022-BLG-1013L,1481.6
KMT-2022-BLG-2286L b,KMT-2022-BLG-2286L,9.1004157
KMT-2023-BLG-0416L b,KMT-2023-BLG-0416L,57.435
KMT-2023-BLG-0469L b,KMT-2023-BLG-0469L,6.673892
KMT-2023-BLG-0735L b,KMT-2023-BLG-0735L,147.747
KMT-2023-BLG-1431L b,KMT-2023-BLG-1431L,981.8
KMT-2023-BLG-1454L b,KMT-2023-BLG-1454L,50.65905
KMT-2023-BLG-1642L b,KMT-2023-BLG-1642L,22000
KMT-2023-BLG-1743L b,KMT-2023-BLG-1743L,3.5379559
KMT-2023-BLG-1866L b,KMT-2023-BLG-1866L,6.429575
KMT-2024-BLG-1044L b,KMT-2024-BLG-1044L,159.986
KOI-12 b,KOI-12,41.516
KOI-1257 b,KOI-1257,26125.56497
KOI-13 b,KOI-13,60.722
KOI-142 b,KOI-142,3477.768
KOI-142 c,KOI-142,31000
KOI-1599.01,KOI-1599,15.572098
KOI-1599.02,KOI-1599,31.70648
KOI-1783.01,KOI-1783,1114
KOI-1783.02,KOI-1783,131
KOI-1831 d,Kepler-324,1084
KOI-1833 d,Kepler-968,34.15
KOI-217 b,KOI-217,17.818
KOI-2513.01,KOI-2513,345.72
KOI-3503 b,KOI-3503,9017.76
KOI-3503 c,KOI-3503,7.76
KOI-351 b,KOI-351,15.144
KOI-351 c,KOI-351,3274
KOI-351 d,KOI-351,5138.43727
KOI-351 e,KOI-351,2675.57603
KOI-351 f,KOI-351,8.1352
KOI-351 g,KOI-351,32.03
KOI-351 h,KOI-351,431.7
KOI-3680 b,KOI-3680,30.014
KOI-4777.01,KOI-4777,124.6
KOI-4978 b,KOI-4978,0.9809734
KOI-55 b,KOI-55,28.125
KOI-55 c,KOI-55,67.3
KOI-7368 b,KOI-7368,
KOI-7913 b,KOI-7913,1079.55726
KOI-94 b,KOI-94,310.9
KOI-94 c,KOI-94,6.9594731
KOI-94 d,KOI-94,14.334892
KOI-94 e,KOI-94,2523.64713
KOI-984 b,KOI-984,88.87622
KOI-984 c,KOI-984,3923.6609
KPS-1 b,KPS-1,3649
Kapteyn c,Kapteyn,87.19
Kepler-10 b,Kepler-10,822.3
Kepler-10 c,Kepler-10,926.4
Kepler-10 d,Kepler-10,
Kepler-100 b,Kepler-100,
Kepler-100 c,Kepler-100,
Kepler-100 d,Kepler-100,111.7
Kepler-100 e,Kepler-100,104100
Kepler-1000 b,Kepler-1000,10.751014
Kepler-1001 b,Kepler-1001,19.60562
Kepler-1001 c,Kepler-1001,1852.14387
Kepler-1002 b,Kepler-1002,2.224
Kepler-1003 b,Kepler-1003,455.73816
Kepler-1004 b,Kepler-1004,5.0505
Kepler-1005 b,Kepler-1005,7.713057
Kepler-1006 b,Kepler-1006,24955.45756
Kepler-1007 b,Kepler-1007,20.772858
Kepler-1008 b,Kepler-1008,52.56363
Kepler-1009 b,Kepler-1009,10.288914
Kepler-101 b,Kepler-101,16.432
Kepler-101 c,Kepler-101,1062.26506
Kepler-1010 b,Kepler-1010,18600
Kepler-1011 b,Kepler-1011,36.116
Kepler-1012 b,Kepler-1012,
Kepler-1013 b,Kepler-1013,
Kepler-1014 b,Kepler-1014,27000
Kepler-1015 b,Kepler-1015,302.79999
Kepler-1016 b,Kepler-1016,3.58599
Kepler-1016 c,Kepler-1016,5.97293
Kepler-1017 b,Kepler-1017,11.23
Kepler-1018 b,Kepler-1018,170000
Kepler-1019 b,Kepler-1019,69000
Kepler-102 b,Kepler-102,37000
Kepler-102 c,Kepler-102,20815.6
Kepler-102 d,Kepler-102,3.986
Kepler-102 e,Kepler-102,2390
Kepler-102 f,Kepler-102,4368
Kepler-1020 b,Kepler-1020,734
Kepler-1021 b,Kepler-1021,8.834978
Kepler-1022 b,Kepler-1022,
Kepler-1023 b,Kepler-1023,19.3044
Kepler-1024 b,Kepler-1024,1.6739035
Kepler-1025 b,Kepler-1025,14.6762429
Kepler-1026 b,Kepler-1026,9.915615
Kepler-561 c,Kepler-561,1.9741954
Kepler-562 b,Kepler-562,8.2669928
Kepler-563 b,Kepler-563,3.313959
Kepler-564 b,Kepler-564,4.733999
Kepler-565 b,Kepler-565,39.93767
Kepler-566 b,Kepler-566,13.86375
Kepler-567 b,Kepler-567,5.3518
Kepler-568 b,Kepler-568,15.6805
Kepler-569 b,Kepler-569,5.817685
Kepler-57 b,Kepler-57,11.390931
Kepler-57 c,Kepler-57,20.2729914
Kepler-570 b,Kepler-570,4.655411
Kepler-571 b,Kepler-571,1.2916
Kepler-572 b,Kepler-572,5.444017
Kepler-573 b,Kepler-573,50.92092
Kepler-574 b,Kepler-574,7.727283
Kepler-575 b,Kepler-575,8.28246
Kepler-576 b,Kepler-576,5.1857539
Kepler-577 b,Kepler-577,2.2193023
Kepler-578 b,Kepler-578,30.951524
Kepler-579 b,Kepler-579,6.413651
Kepler-58 b,Kepler-58,21.750264
Kepler-58 c,Kepler-58,7.385655
Kepler-58 d,Kepler-58,3.588163
Kepler-58 e,Kepler-58,5.675819
Kepler-580 b,Kepler-580,8.239493
Kepler-581 b,Kepler-581,39.91488
Kepler-582 b,Kepler-582,2.49412
Kepler-583 b,Kepler-583,0.3693038
Kepler-584 b,Kepler-584,9.1751
Kepler-585 b,Kepler-585,3.07133
Kepler-586 b,Kepler-586,4.86784
Kepler-587 b,Kepler-587,11.02454
Kepler-588 b,Kepler-588,26.5841
Kepler-589 b,Kepler-589,7.9752
Kepler-589 c,Kepler-589,17.30713
Kepler-59 b,Kepler-59,25.575
Kepler-59 c,Kepler-59,0.179719
Kepler-590 b,Kepler-590,2.35309
Kepler-591 b,Kepler-591,3.56004
Kepler-592 b,Kepler-592,5.40479
Kepler-593 b,Kepler-593,8.26146
Kepler-594 b,Kepler-594,12.75758
Kepler-595 b,Kepler-595,41.96797
Kepler-595 c,Kepler-595,28.380619
Kepler-596 b,Kepler-596,8.36802
Kepler-597 b,Kepler-597,6.569188
Kepler-598 b,Kepler-598,0.2803244
Kepler-598 c,Kepler-598,7.7485
Kepler-599 b,Kepler-599,2.6446
Kepler-6 b,Kepler-6,4.00498
Kepler-60 b,Kepler-60,0.961939
Kepler-60 c,Kepler-60,4.38395
Kepler-60 d,Kepler-60,6.9226
Kepler-600 b,Kepler-600,9.7579
Kepler-601 b,Kepler-601,11.332
Kepler-602 b,Kepler-602,11.8104
Kepler-603 b,Kepler-603,10.59357
Kepler-603 c,Kepler-603,3.835476
Kepler-603 d,Kepler-603,32.6479
Kepler-604 b,Kepler-604,7.51574
Kepler-605 b,Kepler-605,3.67626
Kepler-605 c,Kepler-605,7.95486
Kepler-606 b,Kepler-606,6.342
Kepler-607 b,Kepler-607,13.85
Kepler-607 c,Kepler-607,40.718
Kepler-608 b,Kepler-608,0.813143
Kepler-609 b,Kepler-609,0.365261
Kepler-61 b,Kepler-61,10.06049
Kepler-610 b,Kepler-610,5.90279
Kepler-610 c,Kepler-610,12.42205
Kepler-611 b,Kepler-611,7.6188
Kepler-612 b,Kepler-612,19.07863
Kepler-613 b,Kepler-613,3.705871
Kepler-614 b,Kepler-614,9.283188
Kepler-615 b,Kepler-615,9.45889
Kepler-616 b,Kepler-616,6.673117
Kepler-616 c,Kepler-616,17.355066
Kepler-616 d,Kepler-616,2.354992
Kepler-617 b,Kepler-617,4.382745
Kepler-618 b,Kepler-618,14.101361
Kepler-619 b,Kepler-619,8.52695
Kepler-619 c,Kepler-619,9.978541
Kepler-619 d,Kepler-619,15.8523
Kepler-62 b,Kepler-62,6.380803
Kepler-62 c,Kepler-62,17.96753
Kepler-62 d,Kepler-62,7.576544
Kepler-62 e,Kepler-62,12.400047
Kepler-62 f,Kepler-62,5.628466
Kepler-620 b,Kepler-620,14.316941
Kepler-621 b,Kepler-621,29.62682
Kepler-622 b,Kepler-622,5.868699
Kepler-623 b,Kepler-623,19.562307
Kepler-624 b,Kepler-624,9.525988
Kepler-625 b,Kepler-625,5.329439
Kepler-625 c,Kepler-625,14.155185
Kepler-626 b,Kepler-626,8.747818
Kepler-627 b,Kepler-627,5.172191
Kepler-629 b,Kepler-629,32.939623
Kepler-63 b,Kepler-63,8.962
Kepler-630 b,Kepler-630,8.865663
Kepler-631 b,Kepler-631,6.893813
Kepler-632 b,Kepler-632,4.7369696
Kepler-633 b,Kepler-633,0.469285
Kepler-633 c,Kepler-633,10.787992
Kepler-634 b,Kepler-634,22.620344
Kepler-635 b,Kepler-635,16.9780102
Kepler-636 b,Kepler-636,10.616384
Kepler-637 b,Kepler-637,52.713494
Kepler-638 b,Kepler-638,41.474219
Kepler-639 b,Kepler-639,0.77401
Kepler-640 b,Kepler-640,2.871512
Kepler-641 b,Kepler-641,7.149584
Kepler-642 b,Kepler-642,13.606629
Kepler-643 b,Kepler-643,1.742169
Kepler-644 b,Kepler-644,7.810253
Kepler-645 b,Kepler-645,2.588309
Kepler-646 b,Kepler-646,6.679195
Kepler-647 b,Kepler-647,7.9222
Kepler-647 c,Kepler-647,11.8993
Kepler-648 b,Kepler-648,2.5081
Kepler-649 b,Kepler-649,10.098858
Kepler-65 b,Kepler-65,21.574023
Kepler-65 c,Kepler-65,2.858646
Kepler-65 d,Kepler-65,4.162817
Kepler-65 e,Kepler-65,14.786889
Kepler-650 b,Kepler-650,39.721386
Kepler-651 b,Kepler-651,15.852975
Kepler-652 b,Kepler-652,28.482786
Kepler-653 b,Kepler-653,48.324222
Kepler-653 c,Kepler-653,8.357881
Kepler-654 b,Kepler-654,17.0428683
Kepler-655 b,Kepler-655,3.3596055
Kepler-656 b,Kepler-656,7.4500177
Kepler-656 c,Kepler-656,3.2253993
Kepler-657 b,Kepler-657,7.3744897
Kepler-658 b,Kepler-658,2.849883
Kepler-659 b,Kepler-659,1.05979
Kepler-66 b,Kepler-66,22.779878
Kepler-660 b,Kepler-660,4700
Kepler-661 b,Kepler-661,3.405164
Kepler-662 b,Kepler-662,9.6952
Kepler-663 b,Kepler-663,7.055908
Kepler-664 b,Kepler-664,26.672263
Kepler-665 b,Kepler-665,18.294549
Kepler-666 b,Kepler-666,12.48749
Kepler-667 b,Kepler-667,4.19097
Kepler-668 b,Kepler-668,2.080615
Kepler-669 b,Kepler-669,9.325038
Kepler-67 b,Kepler-67,15.50192
Kepler-670 b,Kepler-670,0.57023
Kepler-671 b,Kepler-671,0.669561
Kepler-672 b,Kepler-672,9.795647
Kepler-673 b,Kepler-673,8.13087
Kepler-674 b,Kepler-674,8.596802
Kepler-675 b,Kepler-675,8.269648
Kepler-676 b,Kepler-676,2.1748
Kepler-677 b,Kepler-677,14.074524
Kepler-678 b,Kepler-678,8.679885
Kepler-679 b,Kepler-679,3.901287
Kepler-68 b,Kepler-68,6.66767
Kepler-68 c,Kepler-68,11.137278
Kepler-68 d,Kepler-68,0.381073
Kepler-68 e,Kepler-68,13.683256
Kepler-680 b,Kepler-680,2.399094
Kepler-681 b,Kepler-681,15.38857
Kepler-682 b,Kepler-682,0.50557
Kepler-683 b,Kepler-683,4.562546
Kepler-684 b,Kepler-684,4.47904
Kepler-685 b,Kepler-685,10.09489
Kepler-686 b,Kepler-686,15.8723
Kepler-687 b,Kepler-687,3.27109
Kepler-688 b,Kepler-688,13.621832
Kepler-689 b,Kepler-689,2.69828
Kepler-69 b,Kepler-69,0.584216
Kepler-69 c,Kepler-69,8.32727
Kepler-690 b,Kepler-690,2.86041
Kepler-691 b,Kepler-691,13.841901
Kepler-692 b,Kepler-692,11.168454
Kepler-693 b,Kepler-693,2.4675
Kepler-694 b,Kepler-694,7.06005
Kepler-695 b,Kepler-695,24.3645
Kepler-696 b,Kepler-696,2.18053332
Kepler-697 b,Kepler-697,3.20466
Kepler-698 b,Kepler-698,5.24
Kepler-7 b,Kepler-7,7.775
Kepler-700 b,Kepler-700,10.115
Kepler-701 b,Kepler-701,20.88977
Kepler-702 b,Kepler-702,42.3391
Kepler-703 b,Kepler-703,6.034
Kepler-704 b,Kepler-704,20.523
Kepler-705 b,Kepler-705,26.8199
Kepler-707 b,Kepler-707,6.51389
Kepler-708 b,Kepler-708,11.54182
Kepler-709 b,Kepler-709,24.94598
Kepler-710 b,Kepler-710,21.06884
Kepler-711 b,Kepler-711,11.89307
Kepler-712 b,Kepler-712,5.76918
Kepler-712 c,Kepler-712,2.25021
Kepler-713 b,Kepler-713,6.49424
Kepler-714 b,Kepler-714,7.17256
Kepler-715 b,Kepler-715,12.409
Kepler-716 b,Kepler-716,3.48456408
Kepler-716 c,Kepler-716,4.01392
Kepler-717 b,Kepler-717,9.30075
Kepler-718 b,Kepler-718,13.81513
Kepler-719 b,Kepler-719,4.00167
Kepler-720 b,Kepler-720,4.09639
Kepler-721 b,Kepler-721,12.11839
Kepler-722 b,Kepler-722,1.96417
Kepler-722 c,Kepler-722,1.60588
Kepler-723 b,Kepler-723,19.0921
Kepler-724 b,Kepler-724,15.48043
Kepler-725 b,Kepler-725,14.5665
Kepler-726 b,Kepler-726,2.62669762
Kepler-727 b,Kepler-727,11.6334681
Kepler-728 b,Kepler-728,50.818947
Kepler-729 b,Kepler-729,5.840002
Kepler-730 b,Kepler-730,19.660302
Kepler-730 c,Kepler-730,2.36902
Kepler-731 b,Kepler-731,0.658524
Kepler-732 b,Kepler-732,7.814
Kepler-732 c,Kepler-732,14.697
Kepler-733 b,Kepler-733,19.482
Kepler-734 b,Kepler-734,2.151676
Kepler-735 b,Kepler-735,9.327527
Kepler-736 b,Kepler-736,4.528598
Kepler-737 b,Kepler-737,6.131243
Kepler-738 b,Kepler-738,26.27057
Kepler-739 b,Kepler-739,4.144965
Kepler-74 b,Kepler-74,6.771315
Kepler-740 b,Kepler-740,1.543069
Kepler-741 b,Kepler-741,4.400028
Kepler-742 b,Kepler-742,8.562421
Kepler-743 b,Kepler-743,14.4536756
Kepler-744 b,Kepler-744,11.7195663
Kepler-745 b,Kepler-745,14.1330314
Kepler-746 b,Kepler-746,3.2809626
Kepler-747 b,Kepler-747,8.4388385
Kepler-748 b,Kepler-748,18.718269
Kepler-749 b,Kepler-749,6.326768
Kepler-75 b,Kepler-75,3.334966
Kepler-750 b,Kepler-750,7.122605
Kepler-750 c,Kepler-750,2.260455
Kepler-751 b,Kepler-751,19.89526
Kepler-752 b,Kepler-752,8.687721
Kepler-753 b,Kepler-753,4.169783
Kepler-754 b,Kepler-754,1.921036
Kepler-755 b,Kepler-755,4.795069
Kepler-755 c,Kepler-755,3.471745
Kepler-756 b,Kepler-756,7.138048
Kepler-757 b,Kepler-757,10.45582
Kepler-758 b,Kepler-758,14.76289
Kepler-758 c,Kepler-758,27.359
Kepler-758 d,Kepler-758,14.893291
Kepler-758 e,Kepler-758,31.393463
Kepler-759 b,Kepler-759,13.156969
Kepler-76 b,Kepler-76,3.2588321
Kepler-760 b,Kepler-760,9.21165
Kepler-760 c,Kepler-760,48.36685
Kepler-761 b,Kepler-761,2.225177
Kepler-762 b,Kepler-762,16.9841
Kepler-763 b,Kepler-763,13.1225
Kepler-763 c,Kepler-763,2.50387
Kepler-763 d,Kepler-763,4.024867
Kepler-764 b,Kepler-764,10.0546535
Kepler-765 b,Kepler-765,24.646729
Kepler-766 b,Kepler-766,44.55603
Kepler-767 b,Kepler-767,4.098503
Kepler-768 b,Kepler-768,3.38628
Kepler-769 b,Kepler-769,1.25785
Kepler-769 c,Kepler-769,921.2
Kepler-77 b,Kepler-77,3.1443189
Kepler-770 b,Kepler-770,1.133
Kepler-770 c,Kepler-770,5.26
Kepler-770 d,Kepler-770,6.22
Kepler-771 b,Kepler-771,7.01
Kepler-772 b,Kepler-772,26.68
Kepler-773 b,Kepler-773,8.992
Kepler-774 b,Kepler-774,20.66093
Kepler-775 b,Kepler-775,31.71701
Kepler-776 b,Kepler-776,4.34934
Kepler-777 b,Kepler-777,1.995
Kepler-778 b,Kepler-778,2.2979749
Kepler-779 b,Kepler-779,8.205
Kepler-78 b,Kepler-78,24.93
Kepler-780 b,Kepler-780,3.262
Kepler-781 b,Kepler-781,6.93
Kepler-782 b,Kepler-782,1.256
Kepler-783 b,Kepler-783,12.4551225
Kepler-783 c,Kepler-783,5.424865
Kepler-784 b,Kepler-784,13.774798
Kepler-784 c,Kepler-784,9.398977
Kepler-785 b,Kepler-785,22.996591
Kepler-786 b,Kepler-786,17.70632
Kepler-787 b,Kepler-787,14.759287
Kepler-788 b,Kepler-788,5.113981
Kepler-789 b,Kepler-789,12.283211
Kepler-79 b,Kepler-79,21.194733
Kepler-79 c,Kepler-79,16.273563
Kepler-79 d,Kepler-79,3.850614
Kepler-79 e,Kepler-79,19.507428
Kepler-790 b,Kepler-790,2.9956348
Kepler-791 b,Kepler-791,29.740451
Kepler-792 b,Kepler-792,36.552551
Kepler-793 b,Kepler-793,11.561052
Kepler-794 b,Kepler-794,2.787174
Kepler-795 b,Kepler-795,7.676972
Kepler-796 b,Kepler-796,3.35585
Kepler-797 b,Kepler-797,10.367437
Kepler-798 b,Kepler-798,26.201446
Kepler-799 b,Kepler-799,7.187257
Kepler-799 c,Kepler-799,4.688418
Kepler-8 b,Kepler-8,12.550171
Kepler-80 b,Kepler-80,9.032178
Kepler-80 c,Kepler-80,2.399964
Kepler-80 d,Kepler-80,5.608352
Kepler-80 e,Kepler-80,4.163873
Kepler-80 f,Kepler-80,19.991944
Kepler-80 g,Kepler-80,7.806164
Kepler-800 b,Kepler-800,3.665912
Kepler-801 b,Kepler-801,8.234885
Kepler-802 b,Kepler-802,14.871387
Kepler-803 b,Kepler-803,15.466805
Kepler-804 b,Kepler-804,3.793306
Kepler-804 c,Kepler-804,5.7385647
Kepler-805 b,Kepler-805,21.0267366
Kepler-806 b,Kepler-806,16.3488637
Kepler-808 b,Kepler-808,11.2510285
Kepler-809 b,Kepler-809,1.422614
Kepler-81 b,Kepler-81,5.340888
Kepler-81 c,Kepler-81,9.79692
Kepler-81 d,Kepler-81,23.448172
Kepler-810 b,Kepler-810,15.937039
Kepler-811 b,Kepler-811,20.645099
Kepler-812 b,Kepler-812,5.025598
Kepler-813 b,Kepler-813,9.660186
Kepler-814 b,Kepler-814,20.201085
Kepler-815 b,Kepler-815,5.761612
Kepler-816 b,Kepler-816,4.44117
Kepler-817 b,Kepler-817,6.42904
Kepler-818 b,Kepler-818,14.09189
Kepler-819 b,Kepler-819,2.14084
Kepler-82 b,Kepler-82,3.114905
Kepler-82 c,Kepler-82,9.844077
Kepler-82 d,Kepler-82,11.02066
Kepler-82 e,Kepler-82,4.521953
Kepler-82 f,Kepler-82,16.43445
Kepler-820 b,Kepler-820,14.453895
Kepler-821 b,Kepler-821,5.776475
Kepler-822 b,Kepler-822,12.832235
Kepler-823 b,Kepler-823,2.060438
Kepler-824 b,Kepler-824,8.777247
Kepler-825 b,Kepler-825,4.01593
Kepler-825 c,Kepler-825,10.56103
Kepler-826 b,Kepler-826,9.401312
Kepler-827 b,Kepler-827,7.9389334
Kepler-828 b,Kepler-828,16.034656
Kepler-829 b,Kepler-829,26.803023
Kepler-83 b,Kepler-83,21.700156
Kepler-83 c,Kepler-83,1.865962
Kepler-83 d,Kepler-83,2.231527
Kepler-830 b,Kepler-830,4.194766
Kepler-831 b,Kepler-831,6.679582
Kepler-832 b,Kepler-832,9.715043
Kepler-833 b,Kepler-833,13.62749
Kepler-834 b,Kepler-834,2.380867
Kepler-835 b,Kepler-835,7.473223
Kepler-836 b,Kepler-836,28.735327
Kepler-837 b,Kepler-837,6.339069
Kepler-838 b,Kepler-838,8.584043
Kepler-839 b,Kepler-839,20.851337
Kepler-84 b,Kepler-84,4.60543
Kepler-84 c,Kepler-84,3.312792
Kepler-84 d,Kepler-84,4.622654
Kepler-84 e,Kepler-84,15.398723
Kepler-84 f,Kepler-84,10.413181
Kepler-841 b,Kepler-841,5.095717
Kepler-842 b,Kepler-842,4.803352
Kepler-843 b,Kepler-843,8.491282
Kepler-844 b,Kepler-844,0.673862
Kepler-845 b,Kepler-845,25.76051
Kepler-846 b,Kepler-846,3.572326
Kepler-847 b,Kepler-847,6.393025
Kepler-848 b,Kepler-848,18.787839
Kepler-849 b,Kepler-849,10.003417
Kepler-85 b,Kepler-85,3.865053
Kepler-85 c,Kepler-85,6.293099
Kepler-85 d,Kepler-85,17.27474
Kepler-85 e,Kepler-85,33.589979
Kepler-850 b,Kepler-850,13.115365
Kepler-851 b,Kepler-851,3.435471
Kepler-852 b,Kepler-852,22.549406
Kepler-853 b,Kepler-853,4.941907
Kepler-855 b,Kepler-855,9.22453
Kepler-856 b,Kepler-856,20.978959
Kepler-857 b,Kepler-857,1.908084
Kepler-858 b,Kepler-858,3.2141
Kepler-859 b,Kepler-859,5.9382
Kepler-860 b,Kepler-860,0.8094
Kepler-861 b,Kepler-861,5.3301
Kepler-862 b,Kepler-862,4.3696
Kepler-996 b,Kepler-996,6.669
Kepler-997 b,Kepler-997,4.0179694
Kepler-998 b,Kepler-998,13.102
Kepler-999 b,Kepler-999,6.535
L 168-9 b,L 168-9,20.35847252
L 363-38 b,L 363-38,6.68796
L 98-59 b,L 98-59,3.471149
L 98-59 c,L 98-59,2.198884
L 98-59 d,L 98-59,5.657
L 98-59 e,L 98-59,1.7292684
LHS 1140 b,LHS 1140,19.1541
LHS 1140 c,LHS 1140,31.6372
LHS 1478 b,LHS 1478,20.5065
LHS 1678 b,LHS 1678,2.77065
LHS 1678 c,LHS 1678,5.73594
LHS 1678 d,LHS 1678,10.93241
LHS 1815 b,LHS 1815,8.7529
LHS 3154 b,LHS 3154,3.535055
LHS 3844 b,LHS 3844,12.20772
LHS 475 b,LHS 475,9.7833
LP 714-47 b,LP 714-47,2.849258
LP 791-18 b,LP 791-18,9.0073
LP 791-18 c,LP 791-18,7.05254
LP 791-18 d,LP 791-18,2.53726
LP 890-9 b,LP 890-9,22.8827
LP 890-9 c,LP 890-9,20.6921
LSPM J2116+0234 b,LSPM J2116+0234,11.2954
LTT 1445 A b,LTT 1445,30.94191
LTT 1445 A c,LTT 1445,3.00265
LTT 3780 b,LTT 3780,2.57302
LTT 3780 c,LTT 3780,6.67202
LTT 9779 b,LTT 9779,16.1966
LkCa 15 b,LkCa 15,20.257
LkCa 15 c,LkCa 15,25.4556
Luhman 16 b,Luhman 16,6.53044
Lupus-TR-3 b,Lupus-TR-3,12.6475
M62H b,M62H,5.06963
MASCARA-1 b,MASCARA-1,8.05428
MASCARA-4 b,MASCARA-4,7.06599
MOA-2007-BLG-192L b,MOA-2007-BLG-192L,28.6781
MOA-2007-BLG-400L b,MOA-2007-BLG-400L,13.97896
MOA-2008-BLG-310L b,MOA-2008-BLG-310L,6.98541
MOA-2008-BLG-379L b,MOA-2008-BLG-379L,5.577212
MOA-2009-BLG-266L b,MOA-2009-BLG-266L,15.189034
MOA-2009-BLG-319L b,MOA-2009-BLG-319L,7.760178
MOA-2009-BLG-387L b,MOA-2009-BLG-387L,24.158868
MOA-2010-BLG-073L b,MOA-2010-BLG-073L,7.49543
MOA-2010-BLG-117L b,MOA-2010-BLG-117L,19.5666
MOA-2010-BLG-328L b,MOA-2010-BLG-328L,7.8142
MOA-2010-BLG-353L b,MOA-2010-BLG-353L,18.311
MOA-2010-BLG-477L b,MOA-2010-BLG-477L,8.2000844
MOA-2011-BLG-028L b,MOA-2011-BLG-028L,10.9947
MOA-2011-BLG-262L b,MOA-2011-BLG-262L,10.35239
MOA-2011-BLG-291L b,MOA-2011-BLG-291L,5.06416
MOA-2011-BLG-293L b,MOA-2011-BLG-293L,19.0918
MOA-2011-BLG-322L b,MOA-2011-BLG-322L,5.605
MOA-2012-BLG-006L b,MOA-2012-BLG-006L,28.867253
MOA-2012-BLG-505L b,MOA-2012-BLG-505L,6.102325
MOA-2013-BLG-220L b,MOA-2013-BLG-220L,2.74697
MOA-2013-BLG-605L b,MOA-2013-BLG-605L,9.99767
MOA-2015-BLG-337L b,MOA-2015-BLG-337L,6.4215
MOA-2016-BLG-227L b,MOA-2016-BLG-227L,27.86
MOA-2016-BLG-319L b,MOA-2016-BLG-319L,0.684559
MOA-2016-BLG-526L b,MOA-2016-BLG-526L,8.77683
MOA-2019-BLG-008L b,MOA-2019-BLG-008L,9.726618
MOA-2020-BLG-135L b,MOA-2020-BLG-135L,4.6122
MOA-2020-BLG-208L b,MOA-2020-BLG-208L,1.096026
MOA-2022-BLG-249L b,MOA-2022-BLG-249L,18.4498
MOA-2022-BLG-563L b,MOA-2022-BLG-563L,13.733314
MOA-bin-1L b,MOA-bin-1L,2.900706
MOA-bin-29 b,MOA-bin-29,1.419549
MWC 758 c,MWC 758,10.1346454
MXB 1658-298 b,MXB 1658-298,8.407115
NGC 2682 Sand 1429 b,NGC 2682 Sand 1429,10.1367349
NGC 2682 Sand 364 b,NGC 2682 Sand 364,18.251985
NGC 2682 Sand 978 b,NGC 2682 Sand 978,1.217514
NGC 2682 YBP 1194 b,NGC 2682 YBP 1194,4.1662739
NGC 2682 YBP 1514 b,NGC 2682 YBP 1514,4.7361
NGC 2682 YBP 401 b,NGC 2682 YBP 401,5.031623
NGTS-1 b,NGTS-1,1.7100566
NGTS-10 b,NGTS-10,3.32944
NGTS-11 b,NGTS-11,0.9689951
NGTS-12 b,NGTS-12,3.0801716
NGTS-13 b,NGTS-13,2.8717518
NGTS-14 A b,NGTS-14,4.6117093
NGTS-15 b,NGTS-15,4.11379
NGTS-16 b,NGTS-16,3.4741085
NGTS-17 b,NGTS-17,3.6127647
NGTS-18 b,NGTS-18,2.255251
NGTS-2 b,NGTS-2,5.55149296
NGTS-20 b,NGTS-20,2.70339
NGTS-21 b,NGTS-21,2.9895932
NGTS-23 b,NGTS-23,7.8457
NGTS-24 b,NGTS-24,1276
NGTS-25 b,NGTS-25,2.73477
NGTS-26 b,NGTS-26,3.24406
NGTS-27 b,NGTS-27,1.4811235
NGTS-3 A b,NGTS-3,0.2197
NGTS-30 b,NGTS-30,0.32528
NGTS-33 b,TOI-6442,0.81161
NGTS-4 b,NGTS-4,2.073549
NGTS-5 b,NGTS-5,854.083
NGTS-6 b,NGTS-6,3552
NGTS-8 b,NGTS-8,1322.3
NGTS-9 b,NGTS-9,440.7813
NN Ser c,NN Ser,1.701531
NN Ser d,NN Ser,840
NSVS 14256825 b,NSVS 14256825,3.294601
NY Vir b,NY Vir,31.8099
NY Vir c,NY Vir,75.2
OGLE-2003-BLG-235L b,OGLE-2003-BLG-235L,572.3847
OGLE-2005-BLG-071L b,OGLE-2005-BLG-071L,
OGLE-2005-BLG-169L b,OGLE-2005-BLG-169L,
OGLE-2005-BLG-390L b,OGLE-2005-BLG-390L,
OGLE-2006-BLG-109L b,OGLE-2006-BLG-109L,
OGLE-2006-BLG-109L c,OGLE-2006-BLG-109L,
OGLE-2006-BLG-284L A b,OGLE-2006-BLG-284L,
OGLE-2007-BLG-349L AB c,OGLE-2007-BLG-349L,
OGLE-2007-BLG-368L b,OGLE-2007-BLG-368L,
OGLE-2008-BLG-092L b,OGLE-2008-BLG-092L,
OGLE-2008-BLG-355L b,OGLE-2008-BLG-355L,
OGLE-2011-BLG-0173L b,OGLE-2011-BLG-0173L,
OGLE-2011-BLG-0251L b,OGLE-2011-BLG-0251L,
OGLE-2011-BLG-0265L b,OGLE-2011-BLG-0265L,
OGLE-2012-BLG-0026L b,OGLE-2012-BLG-0026L,
OGLE-2012-BLG-0026L c,OGLE-2012-BLG-0026L,
OGLE-2012-BLG-0358L b,OGLE-2012-BLG-0358L,
OGLE-2012-BLG-0406L b,OGLE-2012-BLG-0406L,
OGLE-2012-BLG-0563L b,OGLE-2012-BLG-0563L,
OGLE-2012-BLG-0724L b,OGLE-2012-BLG-0724L,
OGLE-2012-BLG-0838L b,OGLE-2012-BLG-0838L,
OGLE-2012-BLG-0950L b,OGLE-2012-BLG-0950L,
OGLE-2013-BLG-0102L b,OGLE-2013-BLG-0102L,
OGLE-2013-BLG-0132L b,OGLE-2013-BLG-0132L,
OGLE-2013-BLG-0341L B b,OGLE-2013-BLG-0341L,
OGLE-2013-BLG-0911L b,OGLE-2013-BLG-0911L,
OGLE-2013-BLG-1721L b,OGLE-2013-BLG-1721L,
OGLE-2013-BLG-1761L b,OGLE-2013-BLG-1761L,
OGLE-2014-BLG-0124L b,OGLE-2014-BLG-0124L,
OGLE-2014-BLG-0221L b,OGLE-2014-BLG-0221L,
OGLE-2014-BLG-0319L b,OGLE-2014-BLG-0319L,
OGLE-2014-BLG-0676L b,OGLE-2014-BLG-0676L,
OGLE-2014-BLG-1722L b,OGLE-2014-BLG-1722L,
OGLE-2014-BLG-1722L c,OGLE-2014-BLG-1722L,
OGLE-2014-BLG-1760L b,OGLE-2014-BLG-1760L,
OGLE-2015-BLG-0051L b,OGLE-2015-BLG-0051L,
OGLE-2015-BLG-0954L b,OGLE-2015-BLG-0954L,
OGLE-2015-BLG-0966L b,OGLE-2015-BLG-0966L,
OGLE-2015-BLG-1649L b,OGLE-2015-BLG-1649L,
OGLE-2015-BLG-1670L b,OGLE-2015-BLG-1670L,
OGLE-2015-BLG-1771L b,OGLE-2015-BLG-1771L,
OGLE-2016-BLG-0263L b,OGLE-2016-BLG-0263L,
OGLE-2016-BLG-0613L AB b,OGLE-2016-BLG-0613L,
OGLE-2016-BLG-1067L b,OGLE-2016-BLG-1067L,
OGLE-2016-BLG-1093L b,OGLE-2016-BLG-1093L,
OGLE-2016-BLG-1190L b,OGLE-2016-BLG-1190L,
OGLE-2016-BLG-1195L b,OGLE-2016-BLG-1195L,
OGLE-2016-BLG-1227L b,OGLE-2016-BLG-1227L,
OGLE-2016-BLG-1598L b,OGLE-2016-BLG-1598L,
OGLE-2016-BLG-1800L b,OGLE-2016-BLG-1800L,
OGLE-2017-BLG-0173L b,OGLE-2017-BLG-0173L,
OGLE-2017-BLG-0373L b,OGLE-2017-BLG-0373L,
OGLE-2017-BLG-0406L b,OGLE-2017-BLG-0406L,
OGLE-2017-BLG-0448L b,OGLE-2017-BLG-0448L,
OGLE-2017-BLG-0482L b,OGLE-2017-BLG-0482L,
OGLE-2017-BLG-0604L b,OGLE-2017-BLG-0604L,
OGLE-2017-BLG-0640L b,OGLE-2017-BLG-0640L,
OGLE-2017-BLG-1049L b,OGLE-2017-BLG-1049L,
OGLE-2017-BLG-1099L b,OGLE-2017-BLG-1099L,
OGLE-2017-BLG-1140L b,OGLE-2017-BLG-1140L,
OGLE-2017-BLG-1237L b,OGLE-2017-BLG-1237L,
OGLE-2017-BLG-1275L b,OGLE-2017-BLG-1275L,
OGLE-2017-BLG-1375L b,OGLE-2017-BLG-1375L,
OGLE-2017-BLG-1434L b,OGLE-2017-BLG-1434L,
OGLE-2017-BLG-1522L b,OGLE-2017-BLG-1522L,
OGLE-2017-BLG-1691L b,OGLE-2017-BLG-1691L,
OGLE-2017-BLG-1806L b,OGLE-2017-BLG-1806L,
OGLE-2018-BLG-0298L b,OGLE-2018-BLG-0298L,
OGLE-2018-BLG-0383L b,OGLE-2018-BLG-0383L,
OGLE-2018-BLG-0506L b,OGLE-2018-BLG-0506L,
OGLE-2018-BLG-0516L b,OGLE-2018-BLG-0516L,
OGLE-2018-BLG-0532L b,OGLE-2018-BLG-0532L,
OGLE-2018-BLG-0567L b,OGLE-2018-BLG-0567L,
OGLE-2018-BLG-0596L b,OGLE-2018-BLG-0596L,
OGLE-2018-BLG-0677L b,OGLE-2018-BLG-0677L,
OGLE-2018-BLG-0740L b,OGLE-2018-BLG-0740L,
OGLE-2018-BLG-0799L b,OGLE-2018-BLG-0799L,
OGLE-2018-BLG-0932L b,OGLE-2018-BLG-0932L,
OGLE-2018-BLG-0962L b,OGLE-2018-BLG-0962L,
OGLE-2018-BLG-0977L b,OGLE-2018-BLG-0977L,
OGLE-2018-BLG-1011L b,OGLE-2018-BLG-1011L,
OGLE-2018-BLG-1011L c,OGLE-2018-BLG-1011L,
OGLE-2018-BLG-1119L b,OGLE-2018-BLG-1119L,
OGLE-2018-BLG-1126L b,OGLE-2018-BLG-1126L,
OGLE-2018-BLG-1185L b,OGLE-2018-BLG-1185L,
OGLE-2018-BLG-1212L b,OGLE-2018-BLG-1212L,
OGLE-2018-BLG-1269L b,OGLE-2018-BLG-1269L,
OGLE-2018-BLG-1367L b,OGLE-2018-BLG-1367L,
OGLE-2018-BLG-1428L b,OGLE-2018-BLG-1428L,
OGLE-2018-BLG-1647L b,OGLE-2018-BLG-1647L,
OGLE-2018-BLG-1700L b,OGLE-2018-BLG-1700L,
OGLE-2019-BLG-0249L b,OGLE-2019-BLG-0249L,
OGLE-2019-BLG-0299L b,OGLE-2019-BLG-0299L,
OGLE-2019-BLG-0304L b,OGLE-2019-BLG-0304L,
OGLE-2019-BLG-0362L b,OGLE-2019-BLG-0362L,
OGLE-2019-BLG-0468L b,OGLE-2019-BLG-0468L,17.855182
OGLE-2019-BLG-0468L c,OGLE-2019-BLG-0468L,86.647661
OGLE-2019-BLG-0679L b,OGLE-2019-BLG-0679L,1.763588
OGLE-2019-BLG-0954L b,OGLE-2019-BLG-0954L,10.91647
OGLE-2019-BLG-0960L b,OGLE-2019-BLG-0960L,22.26492
OGLE-2019-BLG-1053L b,OGLE-2019-BLG-1053L,20.4415
OGLE-2019-BLG-1180L b,OGLE-2019-BLG-1180L,13.6088
OGLE-2019-BLG-1470L AB c,OGLE-2019-BLG-1470L,134.4628
OGLE-2019-BLG-1492L b,OGLE-2019-BLG-1492L,284.215
OGLE-2023-BLG-0836L b,OGLE-2023-BLG-0836L,34.169
OGLE-TR-10 b,OGLE-TR-10,7.685
OGLE-TR-111 b,OGLE-TR-111,3.90512
OGLE-TR-113 b,OGLE-TR-113,19.00547
OGLE-TR-132 b,OGLE-TR-132,21.185
OGLE-TR-182 b,OGLE-TR-182,31.828
OGLE-TR-211 b,OGLE-TR-211,7.008151
OGLE-TR-56 b,OGLE-TR-56,8.719375
OGLE2-TR-L9 b,OGLE2-TR-L9,59.73667
Oph 11 b,Oph 11,91.93913
PDS 70 b,PDS 70,124.9144
PDS 70 c,PDS 70,210.60697
PH1 b,PH1,331.60059
PH2 b,PH2,141.241671
POTS-1 b,POTS-1,0.412
PSR B0329+54 b,PSR B0329+54,0.941967
PSR B1257+12 b,PSR B1257+12,0.240104
PSR B1257+12 c,PSR B1257+12,0.342887
PSR B1257+12 d,PSR B1257+12,6.8430344
PSR B1620-26 b,PSR B1620-26,24.278553
PSR J1719-1438 b,PSR J1719-1438,3.743208
PSR J2322-2650 b,PSR J2322-2650,10.423648
PZ Tel b,PZ Tel,22.342989
Pr0201 b,Pr0201,54.32031
Pr0211 b,Pr0211,4.2881785
Pr0211 c,Pr0211,21.512
Proxima Cen b,alf Cen,1.706291
Qatar-1 b,Qatar-1,121.54
Qatar-10 b,Qatar-10,0.8374907
Qatar-2 b,Qatar-2,45.294301
Qatar-3 b,Qatar-3,151.04
Qatar-4 b,Qatar-4,6.88705
Qatar-5 b,Qatar-5,12.8159
Qatar-6 b,Qatar-6,35.3331
Qatar-7 b,Qatar-7,60.888588
Qatar-8 b,Qatar-8,120.0181272
Qatar-9 b,Qatar-9,14.30511983
ROXs 12 b,ROXs 12,9.18186
ROXs 42 B b,ROXs 42,4.33642933
RR Cae b,RR Cae,3.55485692
Ross 128 b,Ross 128,5.28789787
Ross 458 c,Ross 458,6.49801525
Ross 508 b,Ross 508,19.76172042
SPECULOOS-3 b,SPECULOOS-3,5.18500207
SR 12 AB c,SR 12,12.43931193
SWEEPS-11 b,SWEEPS-11,11.35011917
SWEEPS-4 b,SWEEPS-4,3.4876812
TAP 26 b,TAP 26,6.02976
TCP J05074264+2447555 b,TCP J05074264+2447555,34.2685705
TIC 139270665 b,TIC 139270665,5.75322197
TIC 139270665 c,TIC 139270665,5.50860439
TIC 172900988 b,TIC 172900988,18.93054959
TIC 237913194 b,TIC 237913194,16.57110363
TIC 241249530 b,TIC 241249530,16.00494214
TIC 257060897 b,TIC 257060897,1.95452434
TIC 279401253 b,TIC 279401253,105.6551369
TIC 279401253 c,TIC 279401253,7.23400469
TIC 365102760 b,TIC 365102760,49.1013514
TIC 393818343 b,TIC 393818343,1.41122985
TIC 46432937 b,TIC 46432937,5.286965
TIC 4672985 b,TIC 4672985,7.071392
TOI-1052 b,TOI-1052,10.311767
TOI-1052 c,TOI-1052,16.1456994
TOI-1062 b,TOI-1062,27.453592
TOI-1062 c,TOI-1062,96.9151496
TOI-1064 b,TOI-1064,13.47469571
TOI-1064 c,TOI-1064,10.99469878
TOI-1075 b,TOI-1075,62.1387714
TOI-1107 b,TOI-1107,66.4162133
TOI-1130 b,TOI-1130,37.3229493
TOI-1130 c,TOI-1130,36.5156053
TOI-1135 b,TOI-1135,1.9078052
TOI-1136 b,TOI-1136,2.51462432
TOI-1136 c,TOI-1136,4.41769648
TOI-1136 d,TOI-1136,15.9653287
TOI-1136 e,TOI-1136,179.60978
TOI-1136 f,TOI-1136,19.32952416
TOI-1136 g,TOI-1136,1.22621732
TOI-1173 b,TOI-1173,3.29011795
TOI-1174 b,TOI-1174,7.56052806
TOI-1180 b,TOI-1180,12.12400943
TOI-1181 b,TOI-1181,2.71407755
TOI-1184 b,TOI-1184,122.8808058
TOI-1194 b,TOI-1194,1.06378867
TOI-1199 b,TOI-1199,148.4603382
TOI-1201 b,TOI-1201,7.1276598
TOI-122 b,TOI-122,0.93488424
TOI-1221 b,TOI-1221,11.427548
TOI-1224 b,TOI-1224,23.668205
TOI-1224 c,TOI-1224,51.755394
TOI-1227 b,TOI-1227,201.1214
TOI-1231 b,TOI-1231,24.7576421
TOI-1235 b,TOI-1235,10.13202575
TOI-1244 b,TOI-1244,38.5053398
TOI-1246 b,TOI-1246,6.77408868
TOI-1246 c,TOI-1246,26.41045478
TOI-1246 d,TOI-1246,14.37508035
TOI-1246 e,TOI-1246,56.1886887
TOI-1248 b,TOI-1248,3.18897601
TOI-1249 b,TOI-1249,6.92101021
TOI-125 b,TOI-125,3.27346074
TOI-125 c,TOI-125,5.4122034
TOI-125 d,TOI-125,7.12592
TOI-1259 A b,TOI-1259,15.3787546
TOI-1260 b,TOI-1260,21.1284569
TOI-1260 c,TOI-1260,25.96200249
TOI-1260 d,TOI-1260,34.8538276
TOI-1266 b,TOI-1266,180.921729
TOI-1266 c,TOI-1266,2.41435165
TOI-1268 b,TOI-1268,4.30655689
TOI-1269 b,TOI-1269,2.29503623
TOI-1272 b,TOI-1272,27.495606
TOI-1272 c,TOI-1272,14.08827448
TOI-1273 b,TOI-1273,110.96546
TOI-1278 b,TOI-1278,3.76419105
TOI-1279 b,TOI-1279,6.16486
TOI-128.01,TOI-128,13.5708
TOI-1288 b,TOI-1288,23.9802
TOI-1288 c,TOI-1288,43.8445
TOI-1294 b,TOI-1294,46.8779367
TOI-1294 c,TOI-1294,2.75798267
TOI-1295 b,TOI-1295,9.30412078
TOI-1296 b,TOI-1296,14.07971466
TOI-1298 b,TOI-1298,16.54080322
TOI-1301.01,TOI-1301,3.60930891
TOI-132 b,TOI-132,2.37030743
TOI-1333 b,TOI-1333,1.93155984
TOI-1338 b,TOI-1338,0.76212926
TOI-1338 c,TOI-1338,5.4258399
TOI-1347 b,TOI-1347,16.92344113
TOI-1347 c,TOI-1347,23.8990296
TOI-1386 b,TOI-1386,3.1800218
TOI-1386 c,TOI-1386,4.901452
TOI-139 b,TOI-139,7.95839
TOI-1408 b,TOI-1408,14.749143
TOI-1408 c,TOI-1408,6.2216147
TOI-1410 c,TOI-1410,6.1799844
TOI-1410.01,TOI-1410,1.5690665
TOI-1411 b,TOI-1411,8.67888593
TOI-1416 b,TOI-1416,4.02582254
TOI-1420 b,TOI-1420,2.50476003
TOI-1422 b,TOI-1422,5.94566534
TOI-1431 b,TOI-1431,1.52372816
TOI-1437 b,TOI-1437,6.14727918
TOI-1439 b,TOI-1439,34.3511874
TOI-1442 b,TOI-1442,3.00725242
TOI-1443 b,TOI-1443,13.24503188
TOI-1444 b,TOI-1444,49.183921
TOI-1448 b,TOI-1448,190.323494
TOI-1450 A b,TOI-1450,77.2548396
TOI-1450 A c,TOI-1450,3.85691855
TOI-1451 b,TOI-1451,1.5432066
TOI-1452 b,TOI-1452,33.4177993
TOI-1467 b,TOI-1467,2.05333679
TOI-1468 b,TOI-1468,219.3217528
TOI-5218 b,TOI-5218,56.7771
TOI-5232 b,TOI-5232,18.78425728
TOI-5238 b,TOI-5238,161.5163345
TOI-5293 A b,TOI-5293,0.69384286
TOI-530 b,TOI-530,23.12748644
TOI-5301 b,TOI-5301,5.13248562
TOI-5319 b,TOI-5319,6.4816307
TOI-532 b,TOI-532,21.22265
TOI-5344 b,TOI-5344,198.680179
TOI-5388.01,TOI-5388,42.42720032
TOI-5398 b,TOI-5398,1.43474156
TOI-5398 c,TOI-5398,58.6017925
TOI-540 b,TOI-540,25.0824626
TOI-544 b,TOI-544,89.722292
TOI-544 c,TOI-544,78.1000231
TOI-5542 b,TOI-5542,4.27103091
TOI-558 b,TOI-558,2.89221751
TOI-559 b,TOI-559,187.747029
TOI-561 b,TOI-561,2.54307286
TOI-561 c,TOI-561,2.16845259
TOI-561 d,TOI-561,10.3039
TOI-561 e,TOI-561,13.0241
TOI-5616 b,TOI-5616,22.6845
TOI-5634 A b,TOI-5634,31.9996
TOI-564 b,TOI-564,46.6888
TOI-5678 b,TOI-5678,118.3807
TOI-5688 A b,TOI-5688,12.691112
TOI-5704 b,TOI-5704,31.719775
TOI-5713 b,TOI-5713,6.42200058
TOI-5720 b,TOI-5720,81.3151059
TOI-5726.01,TOI-5726,51.3285623
TOI-5786 b,TOI-5786,19.79191978
TOI-5799 b,TOI-5799,5.03728015
TOI-5803 b,TOI-5803,4.42157218
TOI-6002 b,TOI-6002,1.25275217
TOI-6008 b,TOI-6008,0.57103852
TOI-6016 b,TOI-6016,4.51005748
TOI-6029 b,TOI-6029,37.6467384
TOI-6034 b,TOI-6034,3.341815
TOI-6038 A b,TOI-6038,224.77833
TOI-6054.01,TOI-6054,9.69312032
TOI-6054.02,TOI-6054,8.79617863
TOI-6086 b,TOI-6086,14.36267939
TOI-6130 b,TOI-6130,42.3004954
TOI-615 b,TOI-615,14.97435694
TOI-620 b,TOI-620,23.5540725
TOI-622 b,TOI-622,41.6977827
TOI-6255 b,TOI-6255,4.79028459
TOI-628 b,TOI-628,38.6715075
TOI-6383 A b,TOI-6383,8.3265153
TOI-640 b,TOI-640,8.408878
TOI-654.01,TOI-654,28.574263
TOI-663 b,TOI-663,2.94902905
TOI-663 c,TOI-663,13.15141081
TOI-663 d,TOI-663,42.1917357
TOI-6651 b,TOI-6651,4.33946454
TOI-669 b,TOI-669,2.85234897
TOI-672 b,TOI-672,17.6700642
TOI-674 b,TOI-674,108.593329
TOI-677 b,TOI-677,199.66876
TOI-700 b,TOI-700,5.12330347
TOI-700 c,TOI-700,61.6178167
TOI-700 d,TOI-700,24.3397804
TOI-700 e,TOI-700,76.5369586
TOI-712 b,TOI-712,4.754
TOI-712 c,TOI-712,8.92507
TOI-712 d,TOI-712,5.45298175
TOI-715 b,TOI-715,3.26663995
TOI-733 b,TOI-733,4.27225018
TOI-757 b,TOI-757,3.53232449
TOI-762 A b,TOI-762,62.8916228
TOI-763 b,TOI-763,11.55562343
TOI-763 c,TOI-763,17.13263989
TOI-771 b,TOI-771,76.957857
TOI-776 b,TOI-776,2.36172433
TOI-776 c,TOI-776,23.9210791
TOI-778 b,TOI-778,3.17060005
TOI-782 b,TOI-782,0.81316672
TOI-784 b,HD 307842,5.188549
TOI-813 b,TOI-813,8.041
TOI-815 b,TOI-815,11.776
TOI-815 c,TOI-815,24.0862707
TOI-824 b,TOI-824,2.34451194
TOI-833 b,TOI-833,18.3027248
TOI-836 b,TOI-836,2.88890485
TOI-836 c,TOI-836,210.630591
TOI-837 b,TOI-837,17.14647302
TOI-849 b,TOI-849,3.97076766
TOI-858 B b,TOI-858,2.3522658
TOI-871 b,TOI-871,10.62784997
TOI-880.02,TOI-880,1.10446351
TOI-892 b,TOI-892,3.73089898
TOI-904 b,TOI-904,2.403679
TOI-904 c,TOI-904,8.990889
TOI-905 b,TOI-905,2.78786839
TOI-907.01,TOI-907,65.6478424
TOI-908 b,TOI-908,1.64680191
TOI-913 b,TOI-913,1.75583533
TOI-942 b,TOI-942,5.1856142
TOI-942 c,TOI-942,8.45808312
TOI-954 b,TOI-954,33.469743
TOI-969 b,TOI-969,11.89520511
TOI-969 c,TOI-969,4.45743164
TRAPPIST-1 b,TRAPPIST-1,13.5396293
TRAPPIST-1 c,TRAPPIST-1,22.70816791
TRAPPIST-1 d,TRAPPIST-1,5.968734
TRAPPIST-1 e,TRAPPIST-1,13.07163
TRAPPIST-1 f,TRAPPIST-1,7.97034958
TRAPPIST-1 g,TRAPPIST-1,10.71252541
TRAPPIST-1 h,TRAPPIST-1,32.5637069
TYC 0434-04538-1 b,TYC 0434-04538-1,59.284064
TYC 1422-614-1 b,TYC 1422-614-1,6.11786898
TYC 1422-614-1 c,TYC 1422-614-1,3.97599768
TYC 2187-512-1 b,TYC 2187-512-1,9.478522
TYC 3318-01333-1 b,TYC 3318-01333-1,29.96870041
TYC 3667-1280-1 b,TYC 3667-1280-1,33.2406882
TYC 4282-00605-1 b,TYC 4282-00605-1,1.00393374
TYC 8998-760-1 b,TYC 8998-760-1,55.8226539
TYC 8998-760-1 c,TYC 8998-760-1,6.11009134
Teegarden's Star b,Teegarden's Star,18.7959228
Teegarden's Star c,Teegarden's Star,50.790391
Teegarden's Star d,Teegarden's Star,9.98969327
TrES-1 b,TrES-1,1.44259224
TrES-2 b,TrES-2,26.0204423
TrES-3 b,TrES-3,0.7698536
TrES-4 b,TrES-4,6.89225223
TrES-5 b,TrES-5,37.94563
UCAC3 113-933 b,UCAC3 113-933,24.1738579
UCAC4 328-061594 b,UCAC4 328-061594,106.247547
UKIRT-2017-BLG-001L b,UKIRT-2017-BLG-001L,31.80634
USco CTIO 108 b,USco CTIO 108,2.68505749
USco1556 b,USco1556 A,7.518496
USco1621 b,USco1621 A,20.17202
UZ For b,UZ For,16.8601286
UZ For c,UZ For,4.89337519
V0391 Peg b,V0391 Peg,8.93484887
V1298 Tau b,V1298 Tau,11.17394617
V1298 Tau c,V1298 Tau,28.5057189
V1298 Tau d,V1298 Tau,53.5991044
V1298 Tau e,V1298 Tau,104.3518976
V830 Tau b,V830 Tau,16.07677615
VHS J125601.92-125723.9 b,VHS J125601.92-125723.9,18.87064068
WASP-1 b,WASP-1,17.1369543
WASP-10 b,WASP-10,3.78858982
WASP-100 b,WASP-100,2.422082
WASP-101 b,WASP-101,4.125103
WASP-103 b,WASP-103,10.45843441
WASP-104 b,WASP-104,5.60014851
WASP-105 b,WASP-105,25.2034787
WASP-106 b,WASP-106,2.83265213
WASP-107 b,WASP-107,16.22371307
WASP-107 c,WASP-107,8.49642241
WASP-11 b,WASP-11,66.1849031
WASP-110 b,WASP-110,2.03231845
WASP-113 b,WASP-113,7.6847716
WASP-114 b,WASP-114,15.0447198
WASP-117 b,WASP-117,4.4379629
WASP-118 b,WASP-118,6.312501
WASP-119 b,WASP-119,12.794585
WASP-12 b,WASP-12,1.11854972
WASP-120 b,WASP-120,15.18725932
WASP-121 b,WASP-121,28.6851324
WASP-123 b,WASP-123,0.58800076
WASP-124 b,WASP-124,85.7350285
WASP-126 b,WASP-126,1.07839035
WASP-126 c,WASP-126,1.21699766
WASP-127 b,WASP-127,13.68237119
WASP-129 b,WASP-129,11.08507637
WASP-13 b,WASP-13,25.369116
WASP-130 b,WASP-130,3.177422
WASP-131 b,WASP-131,41.008011
WASP-132 b,WASP-132,8.07124073
WASP-132 c,WASP-132,11.01816836
WASP-132 d,WASP-132,12.94130146
WASP-133 b,WASP-133,5.34982412
WASP-135 b,WASP-135,18.82634264
WASP-136 b,WASP-136,4.76703963
WASP-138 b,WASP-138,4.37034536
WASP-139 b,WASP-139,2.03232507
WASP-14 b,WASP-14,22.9221266
WASP-140 b,WASP-140,16.10467749
WASP-141 b,WASP-141,5.766193
WASP-142 b,WASP-142,12.465988
WASP-144 b,WASP-144,21.587475
WASP-145 A b,WASP-145,37.993273
WASP-147 b,WASP-147,56.268
WASP-148 b,WASP-148,7.42693741
WASP-148 c,WASP-148,12.00096042
WASP-15 b,WASP-15,1.91694425
WASP-150 b,WASP-150,16.301259
WASP-151 b,WASP-151,13.32351601
WASP-153 b,WASP-153,7.01075434
WASP-156 b,WASP-156,17.2923453
WASP-157 b,WASP-157,94.2887577
WASP-158 b,WASP-158,0.57736958
WASP-159 b,WASP-159,86.828989
WASP-16 b,WASP-16,17.232366
WASP-160 B b,WASP-160,26.695074
WASP-84 c,WASP-84,9.95661537
WASP-85 A b,WASP-85,10.41725184
WASP-87 b,WASP-87,26.7839183
WASP-88 b,WASP-88,45.1263042
WASP-89 b,WASP-89,11.94014029
WASP-90 b,WASP-90,4.16055856
WASP-91 b,WASP-91,31.0571618
WASP-92 b,WASP-92,84.5733226
WASP-93 b,WASP-93,4.14787559
WASP-94 A b,WASP-94,5.19104016
WASP-94 B b,WASP-94,3.410493
WASP-95 b,WASP-95,13.821375
WASP-96 b,WASP-96,30.950851
WASP-97 b,WASP-97,4.8663815
WASP-98 b,WASP-98,18.5525701
WASP-99 b,WASP-99,13.62798432
WD 0806-661 b,WD 0806-661,16.8320729
WD 1856+534 b,WD 1856+534,3.70428172
WISE J033605.05-014350.4 b,WISE J033605.05-014350.4,4.35409304
WISEP J121756.91+162640.2 A b,WISEP J121756.91+162640.2 A,2.93658468
WTS-1 b,WTS-1,11.32271513
WTS-2 b,WTS-2,13.71220213
Wendelstein-1 b,Wendelstein-1,7.46725407
Wendelstein-2 b,Wendelstein-2,24.3347127
Wolf 1061 b,Wolf 1061,4.164389
Wolf 1061 c,Wolf 1061,5.774464
Wolf 1061 d,Wolf 1061,2.60754383
Wolf 1069 b,Wolf 1069,45.0904643
Wolf 327 b,Wolf 327,15.0540329
Wolf 503 b,Wolf 503,68.8861915
XO-1 b,XO-1,9.99113313
XO-2 N b,XO-2,3.60084276
XO-2 S b,XO-2,5.72717226
XO-2 S c,XO-2,36.2919336
XO-3 b,XO-3,12.4127754
XO-4 b,XO-4,2.66831376
XO-5 b,XO-5,0.98494017
XO-6 b,XO-6,0.66308526
XO-7 b,XO-7,10.495711
YSES 2 b,YSES 2,21.869741
YZ Cet b,YZ Cet,100.283134
YZ Cet c,YZ Cet,19.1187753
YZ Cet d,YZ Cet,48.4308991
alf Ari b,alf Ari,8.67900242
alf Tau b,alf Tau,4.55139967
b Cen AB b,b Cen,0.96852602
bet Cnc b,bet Cnc,6.49441289
bet Pic b,bet Pic,28.474748
bet Pic c,bet Pic,4.86631012
bet UMi b,bet UMi,13.0313945
eps CrB b,eps CrB,40.9903986
eps Eri b,eps Eri,37.3331536
eps Ind A b,eps Ind,14.435889
eps Tau b,eps Tau,29.393195
gam Cep b,gam Cep,48.630408
gam Lib b,gam Lib,6.03356196
gam Lib c,gam Lib,3.0255955
gam Psc b,gam Psc,51.1309704
gam1 Leo b,gam Leo,28.625653
iot Dra b,iot Dra,6.98152703
iot Dra c,iot Dra,3.65691115
kap And b,kap And,12.5720095
kap CrB b,kap CrB,40.8365012
mu Leo b,mu Leo,3.23941344
mu2 Sco b,mu2 Sco,23.4774101
nu Oct A b,nu Oct,15
nu Oph b,nu Oph,22.8
nu Oph c,nu Oph,66.5579057
ome Ser b,ome Ser,3.11602791
omi CrB b,omi CrB,2.13194651
omi UMa b,omi UMa,12.9460978
pi Men c,HD 39091,0.66407381
pi Men d,HD 39091,14.7967458
psi1 Dra B b,psi1 Dra,11.25402929
rho CrB b,rho CrB,11.47685909
rho CrB c,rho CrB,2.76122421
rho CrB d,rho CrB,7.99019627
rho CrB e,rho CrB,15.79
tau Boo b,tau Boo,82.2
tau Cet e,tau Cet,2646
tau Cet f,tau Cet,4.69500134
tau Cet g,tau Cet,8.63043276
tau Cet h,tau Cet,3.27646405
tau Gem b,tau Gem,5.57654784
ups And b,ups And,115.6862258
ups And c,ups And,3.81371974
ups And d,ups And,8.3839865
ups Leo b,ups Leo,1.68189002
xi Aql b,xi Aql,7.12811928
